Id, I(x), I(y), I(z), P(x), P(y), P(z), L(x), L(y), L(z), V1, V2, V3
0,0,0,0,5.0,5.0,5.0,10.0,10.0,10.0,2.7,0.0,0.0,
1,0,0,1,5.0,5.0,15.0,10.0,10.0,10.0,2.7,0.0,0.0,
2,0,0,2,5.0,5.0,25.0,10.0,10.0,10.0,2.7,0.0,0.0,
3,0,0,3,5.0,5.0,35.0,10.0,10.0,10.0,2.7,0.0,0.0,
4,0,0,4,5.0,5.0,45.0,10.0,10.0,10.0,2.7,0.0,0.0,
5,0,0,5,5.0,5.0,55.0,10.0,10.0,10.0,2.7,0.0,0.0,
6,0,0,6,5.0,5.0,65.0,10.0,10.0,10.0,2.7,0.0,0.0,
7,0,0,7,5.0,5.0,75.0,10.0,10.0,10.0,2.7,0.0,0.0,
8,0,0,8,5.0,5.0,85.0,10.0,10.0,10.0,2.7,0.0,0.0,
9,0,0,9,5.0,5.0,95.0,10.0,10.0,10.0,2.7,0.0,0.0,
10,0,1,0,5.0,15.0,5.0,10.0,10.0,10.0,2.7,0.0,0.0,
11,0,1,1,5.0,15.0,15.0,10.0,10.0,10.0,2.7,0.0,0.0,
12,0,1,2,5.0,15.0,25.0,10.0,10.0,10.0,2.7,0.0,0.0,
13,0,1,3,5.0,15.0,35.0,10.0,10.0,10.0,2.7,0.0,0.0,
14,0,1,4,5.0,15.0,45.0,10.0,10.0,10.0,2.7,0.0,0.0,
15,0,1,5,5.0,15.0,55.0,10.0,10.0,10.0,2.7,0.0,0.0,
16,0,1,6,5.0,15.0,65.0,10.0,10.0,10.0,2.7,0.0,0.0,
17,0,1,7,5.0,15.0,75.0,10.0,10.0,10.0,2.7,0.0,0.0,
18,0,1,8,5.0,15.0,85.0,10.0,10.0,10.0,2.7,0.0,0.0,
19,0,1,9,5.0,15.0,95.0,10.0,10.0,10.0,2.7,0.0,0.0,
20,0,2,0,5.0,25.0,5.0,10.0,10.0,10.0,2.7,0.0,0.0,
21,0,2,1,5.0,25.0,15.0,10.0,10.0,10.0,2.7,0.0,0.0,
22,0,2,2,5.0,25.0,25.0,10.0,10.0,10.0,2.7,0.0,0.0,
23,0,2,3,5.0,25.0,35.0,10.0,10.0,10.0,2.7,0.0,0.0,
24,0,2,4,5.0,25.0,45.0,10.0,10.0,10.0,2.7,0.0,0.0,
25,0,2,5,5.0,25.0,55.0,10.0,10.0,10.0,2.7,0.0,0.0,
26,0,2,6,5.0,25.0,65.0,10.0,10.0,10.0,2.7,0.0,0.0,
27,0,2,7,5.0,25.0,75.0,10.0,10.0,10.0,2.7,0.0,0.0,
28,0,2,8,5.0,25.0,85.0,10.0,10.0,10.0,2.7,0.0,0.0,
29,0,2,9,5.0,25.0,95.0,10.0,10.0,10.0,2.7,0.0,0.0,
30,0,3,0,5.0,35.0,5.0,10.0,10.0,10.0,2.7,0.0,0.0,
31,0,3,1,5.0,35.0,15.0,10.0,10.0,10.0,2.7,0.0,0.0,
32,0,3,2,5.0,35.0,25.0,10.0,10.0,10.0,2.7,0.0,0.0,
33,0,3,3,5.0,35.0,35.0,10.0,10.0,10.0,2.7,0.0,0.0,
34,0,3,4,5.0,35.0,45.0,10.0,10.0,10.0,2.7,0.0,0.0,
35,0,3,5,5.0,35.0,55.0,10.0,10.0,10.0,2.7,0.0,0.0,
36,0,3,6,5.0,35.0,65.0,10.0,10.0,10.0,2.7,0.0,0.0,
37,0,3,7,5.0,35.0,75.0,10.0,10.0,10.0,2.7,0.0,0.0,
38,0,3,8,5.0,35.0,85.0,10.0,10.0,10.0,2.7,0.0,0.0,
39,0,3,9,5.0,35.0,95.0,10.0,10.0,10.0,2.7,0.0,0.0,
40,0,4,0,5.0,45.0,5.0,10.0,10.0,10.0,2.7,0.0,0.0,
41,0,4,1,5.0,45.0,15.0,10.0,10.0,10.0,2.7,0.0,0.0,
42,0,4,2,5.0,45.0,25.0,10.0,10.0,10.0,2.7,0.0,0.0,
43,0,4,3,5.0,45.0,35.0,10.0,10.0,10.0,2.7,0.0,0.0,
44,0,4,4,5.0,45.0,45.0,10.0,10.0,10.0,2.7,0.0,0.0,
45,0,4,5,5.0,45.0,55.0,10.0,10.0,10.0,2.7,0.0,0.0,
46,0,4,6,5.0,45.0,65.0,10.0,10.0,10.0,2.7,0.0,0.0,
47,0,4,7,5.0,45.0,75.0,10.0,10.0,10.0,2.7,0.0,0.0,
48,0,4,8,5.0,45.0,85.0,10.0,10.0,10.0,2.7,0.0,0.0,
49,0,4,9,5.0,45.0,95.0,10.0,10.0,10.0,2.7,0.0,0.0,
50,0,5,0,5.0,55.0,5.0,10.0,10.0,10.0,2.7,0.0,0.0,
51,0,5,1,5.0,55.0,15.0,10.0,10.0,10.0,2.7,0.0,0.0,
52,0,5,2,5.0,55.0,25.0,10.0,10.0,10.0,2.7,0.0,0.0,
53,0,5,3,5.0,55.0,35.0,10.0,10.0,10.0,2.7,0.0,0.0,
54,0,5,4,5.0,55.0,45.0,10.0,10.0,10.0,2.7,0.0,0.0,
55,0,5,5,5.0,55.0,55.0,10.0,10.0,10.0,2.7,0.0,0.0,
56,0,5,6,5.0,55.0,65.0,10.0,10.0,10.0,2.7,0.0,0.0,
57,0,5,7,5.0,55.0,75.0,10.0,10.0,10.0,2.7,0.0,0.0,
58,0,5,8,5.0,55.0,85.0,10.0,10.0,10.0,2.7,0.0,0.0,
59,0,5,9,5.0,55.0,95.0,10.0,10.0,10.0,2.7,0.0,0.0,
60,0,6,0,5.0,65.0,5.0,10.0,10.0,10.0,2.7,0.0,0.0,
61,0,6,1,5.0,65.0,15.0,10.0,10.0,10.0,2.7,0.0,0.0,
62,0,6,2,5.0,65.0,25.0,10.0,10.0,10.0,2.7,0.0,0.0,
63,0,6,3,5.0,65.0,35.0,10.0,10.0,10.0,2.7,0.0,0.0,
64,0,6,4,5.0,65.0,45.0,10.0,10.0,10.0,2.7,0.0,0.0,
65,0,6,5,5.0,65.0,55.0,10.0,10.0,10.0,2.7,0.0,0.0,
66,0,6,6,5.0,65.0,65.0,10.0,10.0,10.0,2.7,0.0,0.0,
67,0,6,7,5.0,65.0,75.0,10.0,10.0,10.0,2.7,0.0,0.0,
68,0,6,8,5.0,65.0,85.0,10.0,10.0,10.0,2.7,0.0,0.0,
69,0,6,9,5.0,65.0,95.0,10.0,10.0,10.0,2.7,0.0,0.0,
70,0,7,0,5.0,75.0,5.0,10.0,10.0,10.0,2.7,0.0,0.0,
71,0,7,1,5.0,75.0,15.0,10.0,10.0,10.0,2.7,0.0,0.0,
72,0,7,2,5.0,75.0,25.0,10.0,10.0,10.0,2.7,0.0,0.0,
73,0,7,3,5.0,75.0,35.0,10.0,10.0,10.0,2.7,0.0,0.0,
74,0,7,4,5.0,75.0,45.0,10.0,10.0,10.0,2.7,0.0,0.0,
75,0,7,5,5.0,75.0,55.0,10.0,10.0,10.0,2.7,0.0,0.0,
76,0,7,6,5.0,75.0,65.0,10.0,10.0,10.0,2.7,0.0,0.0,
77,0,7,7,5.0,75.0,75.0,10.0,10.0,10.0,2.7,0.0,0.0,
78,0,7,8,5.0,75.0,85.0,10.0,10.0,10.0,2.7,0.0,0.0,
79,0,7,9,5.0,75.0,95.0,10.0,10.0,10.0,2.7,0.0,0.0,
80,0,8,0,5.0,85.0,5.0,10.0,10.0,10.0,2.7,0.0,0.0,
81,0,8,1,5.0,85.0,15.0,10.0,10.0,10.0,2.7,0.0,0.0,
82,0,8,2,5.0,85.0,25.0,10.0,10.0,10.0,2.7,0.0,0.0,
83,0,8,3,5.0,85.0,35.0,10.0,10.0,10.0,2.7,0.0,0.0,
84,0,8,4,5.0,85.0,45.0,10.0,10.0,10.0,2.7,0.0,0.0,
85,0,8,5,5.0,85.0,55.0,10.0,10.0,10.0,2.7,0.0,0.0,
86,0,8,6,5.0,85.0,65.0,10.0,10.0,10.0,2.7,0.0,0.0,
87,0,8,7,5.0,85.0,75.0,10.0,10.0,10.0,2.7,0.0,0.0,
88,0,8,8,5.0,85.0,85.0,10.0,10.0,10.0,2.7,0.0,0.0,
89,0,8,9,5.0,85.0,95.0,10.0,10.0,10.0,2.7,0.0,0.0,
90,0,9,0,5.0,95.0,5.0,10.0,10.0,10.0,2.7,0.0,0.0,
91,0,9,1,5.0,95.0,15.0,10.0,10.0,10.0,2.7,0.0,0.0,
92,0,9,2,5.0,95.0,25.0,10.0,10.0,10.0,2.7,0.0,0.0,
93,0,9,3,5.0,95.0,35.0,10.0,10.0,10.0,2.7,0.0,0.0,
94,0,9,4,5.0,95.0,45.0,10.0,10.0,10.0,2.7,0.0,0.0,
95,0,9,5,5.0,95.0,55.0,10.0,10.0,10.0,2.7,0.0,0.0,
96,0,9,6,5.0,95.0,65.0,10.0,10.0,10.0,2.7,0.0,0.0,
97,0,9,7,5.0,95.0,75.0,10.0,10.0,10.0,2.7,0.0,0.0,
98,0,9,8,5.0,95.0,85.0,10.0,10.0,10.0,2.7,0.0,0.0,
99,0,9,9,5.0,95.0,95.0,10.0,10.0,10.0,2.7,0.0,0.0,
100,1,0,0,15.0,5.0,5.0,10.0,10.0,10.0,2.7,0.0,0.0,
101,1,0,1,15.0,5.0,15.0,10.0,10.0,10.0,2.7,0.0,0.0,
102,1,0,2,15.0,5.0,25.0,10.0,10.0,10.0,2.7,0.0,0.0,
103,1,0,3,15.0,5.0,35.0,10.0,10.0,10.0,2.7,0.0,0.0,
104,1,0,4,15.0,5.0,45.0,10.0,10.0,10.0,2.7,0.0,0.0,
105,1,0,5,15.0,5.0,55.0,10.0,10.0,10.0,2.7,0.0,0.0,
106,1,0,6,15.0,5.0,65.0,10.0,10.0,10.0,2.7,0.0,0.0,
107,1,0,7,15.0,5.0,75.0,10.0,10.0,10.0,2.7,0.0,0.0,
108,1,0,8,15.0,5.0,85.0,10.0,10.0,10.0,2.7,0.0,0.0,
109,1,0,9,15.0,5.0,95.0,10.0,10.0,10.0,2.7,0.0,0.0,
110,1,1,0,15.0,15.0,5.0,10.0,10.0,10.0,2.7,0.0,0.0,
111,1,1,1,15.0,15.0,15.0,10.0,10.0,10.0,2.7,0.0,0.0,
112,1,1,2,15.0,15.0,25.0,10.0,10.0,10.0,2.7,0.0,0.0,
113,1,1,3,15.0,15.0,35.0,10.0,10.0,10.0,2.7,0.0,0.0,
114,1,1,4,15.0,15.0,45.0,10.0,10.0,10.0,2.7,0.0,0.0,
115,1,1,5,15.0,15.0,55.0,10.0,10.0,10.0,2.7,0.0,0.0,
116,1,1,6,15.0,15.0,65.0,10.0,10.0,10.0,2.7,0.0,0.0,
117,1,1,7,15.0,15.0,75.0,10.0,10.0,10.0,2.7,0.0,0.0,
118,1,1,8,15.0,15.0,85.0,10.0,10.0,10.0,2.7,0.0,0.0,
119,1,1,9,15.0,15.0,95.0,10.0,10.0,10.0,2.7,0.0,0.0,
120,1,2,0,15.0,25.0,5.0,10.0,10.0,10.0,2.7,0.0,0.0,
121,1,2,1,15.0,25.0,15.0,10.0,10.0,10.0,2.7,0.0,0.0,
122,1,2,2,15.0,25.0,25.0,10.0,10.0,10.0,2.7,0.0,0.0,
123,1,2,3,15.0,25.0,35.0,10.0,10.0,10.0,2.7,0.0,0.0,
124,1,2,4,15.0,25.0,45.0,10.0,10.0,10.0,2.7,0.0,0.0,
125,1,2,5,15.0,25.0,55.0,10.0,10.0,10.0,2.7,0.0,0.0,
126,1,2,6,15.0,25.0,65.0,10.0,10.0,10.0,2.7,0.0,0.0,
127,1,2,7,15.0,25.0,75.0,10.0,10.0,10.0,2.7,0.0,0.0,
128,1,2,8,15.0,25.0,85.0,10.0,10.0,10.0,2.7,0.0,0.0,
129,1,2,9,15.0,25.0,95.0,10.0,10.0,10.0,2.7,0.0,0.0,
130,1,3,0,15.0,35.0,5.0,10.0,10.0,10.0,2.7,0.0,0.0,
131,1,3,1,15.0,35.0,15.0,10.0,10.0,10.0,2.7,0.0,0.0,
132,1,3,2,15.0,35.0,25.0,10.0,10.0,10.0,2.7,0.0,0.0,
133,1,3,3,15.0,35.0,35.0,10.0,10.0,10.0,2.7,0.0,0.0,
134,1,3,4,15.0,35.0,45.0,10.0,10.0,10.0,2.7,0.0,0.0,
135,1,3,5,15.0,35.0,55.0,10.0,10.0,10.0,2.7,0.0,0.0,
136,1,3,6,15.0,35.0,65.0,10.0,10.0,10.0,2.7,0.0,0.0,
137,1,3,7,15.0,35.0,75.0,10.0,10.0,10.0,2.7,0.0,0.0,
138,1,3,8,15.0,35.0,85.0,10.0,10.0,10.0,2.7,0.0,0.0,
139,1,3,9,15.0,35.0,95.0,10.0,10.0,10.0,2.7,0.0,0.0,
140,1,4,0,15.0,45.0,5.0,10.0,10.0,10.0,2.7,0.0,0.0,
141,1,4,1,15.0,45.0,15.0,10.0,10.0,10.0,2.7,0.0,0.0,
142,1,4,2,15.0,45.0,25.0,10.0,10.0,10.0,2.7,0.0,0.0,
143,1,4,3,15.0,45.0,35.0,10.0,10.0,10.0,2.7,0.0,0.0,
144,1,4,4,15.0,45.0,45.0,10.0,10.0,10.0,2.7,0.0,0.0,
145,1,4,5,15.0,45.0,55.0,10.0,10.0,10.0,2.7,0.0,0.0,
146,1,4,6,15.0,45.0,65.0,10.0,10.0,10.0,2.7,0.0,0.0,
147,1,4,7,15.0,45.0,75.0,10.0,10.0,10.0,2.7,0.0,0.0,
148,1,4,8,15.0,45.0,85.0,10.0,10.0,10.0,2.7,0.0,0.0,
149,1,4,9,15.0,45.0,95.0,10.0,10.0,10.0,2.7,0.0,0.0,
150,1,5,0,15.0,55.0,5.0,10.0,10.0,10.0,2.7,0.0,0.0,
151,1,5,1,15.0,55.0,15.0,10.0,10.0,10.0,2.7,0.0,0.0,
152,1,5,2,15.0,55.0,25.0,10.0,10.0,10.0,2.7,0.0,0.0,
153,1,5,3,15.0,55.0,35.0,10.0,10.0,10.0,2.7,0.0,0.0,
154,1,5,4,15.0,55.0,45.0,10.0,10.0,10.0,2.7,0.0,0.0,
155,1,5,5,15.0,55.0,55.0,10.0,10.0,10.0,2.7,0.0,0.0,
156,1,5,6,15.0,55.0,65.0,10.0,10.0,10.0,2.7,0.0,0.0,
157,1,5,7,15.0,55.0,75.0,10.0,10.0,10.0,2.7,0.0,0.0,
158,1,5,8,15.0,55.0,85.0,10.0,10.0,10.0,2.7,0.0,0.0,
159,1,5,9,15.0,55.0,95.0,10.0,10.0,10.0,2.7,0.0,0.0,
160,1,6,0,15.0,65.0,5.0,10.0,10.0,10.0,2.7,0.0,0.0,
161,1,6,1,15.0,65.0,15.0,10.0,10.0,10.0,2.7,0.0,0.0,
162,1,6,2,15.0,65.0,25.0,10.0,10.0,10.0,2.7,0.0,0.0,
163,1,6,3,15.0,65.0,35.0,10.0,10.0,10.0,2.7,0.0,0.0,
164,1,6,4,15.0,65.0,45.0,10.0,10.0,10.0,2.7,0.0,0.0,
165,1,6,5,15.0,65.0,55.0,10.0,10.0,10.0,2.7,0.0,0.0,
166,1,6,6,15.0,65.0,65.0,10.0,10.0,10.0,2.7,0.0,0.0,
167,1,6,7,15.0,65.0,75.0,10.0,10.0,10.0,2.7,0.0,0.0,
168,1,6,8,15.0,65.0,85.0,10.0,10.0,10.0,2.7,0.0,0.0,
169,1,6,9,15.0,65.0,95.0,10.0,10.0,10.0,2.7,0.0,0.0,
170,1,7,0,15.0,75.0,5.0,10.0,10.0,10.0,2.7,0.0,0.0,
171,1,7,1,15.0,75.0,15.0,10.0,10.0,10.0,2.7,0.0,0.0,
172,1,7,2,15.0,75.0,25.0,10.0,10.0,10.0,2.7,0.0,0.0,
173,1,7,3,15.0,75.0,35.0,10.0,10.0,10.0,2.7,0.0,0.0,
174,1,7,4,15.0,75.0,45.0,10.0,10.0,10.0,2.7,0.0,0.0,
175,1,7,5,15.0,75.0,55.0,10.0,10.0,10.0,2.7,0.0,0.0,
176,1,7,6,15.0,75.0,65.0,10.0,10.0,10.0,2.7,0.0,0.0,
177,1,7,7,15.0,75.0,75.0,10.0,10.0,10.0,2.7,0.0,0.0,
178,1,7,8,15.0,75.0,85.0,10.0,10.0,10.0,2.7,0.0,0.0,
179,1,7,9,15.0,75.0,95.0,10.0,10.0,10.0,2.7,0.0,0.0,
180,1,8,0,15.0,85.0,5.0,10.0,10.0,10.0,2.7,0.0,0.0,
181,1,8,1,15.0,85.0,15.0,10.0,10.0,10.0,2.7,0.0,0.0,
182,1,8,2,15.0,85.0,25.0,10.0,10.0,10.0,2.7,0.0,0.0,
183,1,8,3,15.0,85.0,35.0,10.0,10.0,10.0,2.7,0.0,0.0,
184,1,8,4,15.0,85.0,45.0,10.0,10.0,10.0,2.7,0.0,0.0,
185,1,8,5,15.0,85.0,55.0,10.0,10.0,10.0,2.7,0.0,0.0,
186,1,8,6,15.0,85.0,65.0,10.0,10.0,10.0,2.7,0.0,0.0,
187,1,8,7,15.0,85.0,75.0,10.0,10.0,10.0,2.7,0.0,0.0,
188,1,8,8,15.0,85.0,85.0,10.0,10.0,10.0,2.7,0.0,0.0,
189,1,8,9,15.0,85.0,95.0,10.0,10.0,10.0,2.7,0.0,0.0,
190,1,9,0,15.0,95.0,5.0,10.0,10.0,10.0,2.7,0.0,0.0,
191,1,9,1,15.0,95.0,15.0,10.0,10.0,10.0,2.7,0.0,0.0,
192,1,9,2,15.0,95.0,25.0,10.0,10.0,10.0,2.7,0.0,0.0,
193,1,9,3,15.0,95.0,35.0,10.0,10.0,10.0,2.7,0.0,0.0,
194,1,9,4,15.0,95.0,45.0,10.0,10.0,10.0,2.7,0.0,0.0,
195,1,9,5,15.0,95.0,55.0,10.0,10.0,10.0,2.7,0.0,0.0,
196,1,9,6,15.0,95.0,65.0,10.0,10.0,10.0,2.7,0.0,0.0,
197,1,9,7,15.0,95.0,75.0,10.0,10.0,10.0,2.7,0.0,0.0,
198,1,9,8,15.0,95.0,85.0,10.0,10.0,10.0,2.7,0.0,0.0,
199,1,9,9,15.0,95.0,95.0,10.0,10.0,10.0,2.7,0.0,0.0,
200,2,0,0,25.0,5.0,5.0,10.0,10.0,10.0,2.7,0.0,0.0,
201,2,0,1,25.0,5.0,15.0,10.0,10.0,10.0,2.7,0.0,0.0,
202,2,0,2,25.0,5.0,25.0,10.0,10.0,10.0,2.7,0.0,0.0,
203,2,0,3,25.0,5.0,35.0,10.0,10.0,10.0,2.7,0.0,0.0,
204,2,0,4,25.0,5.0,45.0,10.0,10.0,10.0,2.7,0.0,0.0,
205,2,0,5,25.0,5.0,55.0,10.0,10.0,10.0,2.7,0.0,0.0,
206,2,0,6,25.0,5.0,65.0,10.0,10.0,10.0,2.7,0.0,0.0,
207,2,0,7,25.0,5.0,75.0,10.0,10.0,10.0,2.7,0.0,0.0,
208,2,0,8,25.0,5.0,85.0,10.0,10.0,10.0,2.7,0.0,0.0,
209,2,0,9,25.0,5.0,95.0,10.0,10.0,10.0,2.7,0.0,0.0,
210,2,1,0,25.0,15.0,5.0,10.0,10.0,10.0,2.7,0.0,0.0,
211,2,1,1,25.0,15.0,15.0,10.0,10.0,10.0,2.7,0.0,0.0,
212,2,1,2,25.0,15.0,25.0,10.0,10.0,10.0,2.7,0.0,0.0,
213,2,1,3,25.0,15.0,35.0,10.0,10.0,10.0,2.7,0.0,0.0,
214,2,1,4,25.0,15.0,45.0,10.0,10.0,10.0,2.7,0.0,0.0,
215,2,1,5,25.0,15.0,55.0,10.0,10.0,10.0,2.7,0.0,0.0,
216,2,1,6,25.0,15.0,65.0,10.0,10.0,10.0,2.7,0.0,0.0,
217,2,1,7,25.0,15.0,75.0,10.0,10.0,10.0,2.7,0.0,0.0,
218,2,1,8,25.0,15.0,85.0,10.0,10.0,10.0,2.7,0.0,0.0,
219,2,1,9,25.0,15.0,95.0,10.0,10.0,10.0,2.7,0.0,0.0,
220,2,2,0,25.0,25.0,5.0,10.0,10.0,10.0,2.7,0.0,0.0,
221,2,2,1,25.0,25.0,15.0,10.0,10.0,10.0,2.7,0.0,0.0,
222,2,2,2,25.0,25.0,25.0,10.0,10.0,10.0,2.7,0.0,0.0,
223,2,2,3,25.0,25.0,35.0,10.0,10.0,10.0,2.7,0.0,0.0,
224,2,2,4,25.0,25.0,45.0,10.0,10.0,10.0,2.7,0.0,0.0,
225,2,2,5,25.0,25.0,55.0,10.0,10.0,10.0,2.7,0.0,0.0,
226,2,2,6,25.0,25.0,65.0,10.0,10.0,10.0,2.7,0.0,0.0,
227,2,2,7,25.0,25.0,75.0,10.0,10.0,10.0,2.7,0.0,0.0,
228,2,2,8,25.0,25.0,85.0,10.0,10.0,10.0,2.7,0.0,0.0,
229,2,2,9,25.0,25.0,95.0,10.0,10.0,10.0,2.7,0.0,0.0,
230,2,3,0,25.0,35.0,5.0,10.0,10.0,10.0,2.7,0.0,0.0,
231,2,3,1,25.0,35.0,15.0,10.0,10.0,10.0,2.7,0.0,0.0,
232,2,3,2,25.0,35.0,25.0,10.0,10.0,10.0,2.7,0.0,0.0,
233,2,3,3,25.0,35.0,35.0,10.0,10.0,10.0,2.7,0.0,0.0,
234,2,3,4,25.0,35.0,45.0,10.0,10.0,10.0,2.7,0.0,0.0,
235,2,3,5,25.0,35.0,55.0,10.0,10.0,10.0,2.7,0.0,0.0,
236,2,3,6,25.0,35.0,65.0,10.0,10.0,10.0,2.7,0.0,0.0,
237,2,3,7,25.0,35.0,75.0,10.0,10.0,10.0,2.7,0.0,0.0,
238,2,3,8,25.0,35.0,85.0,10.0,10.0,10.0,2.7,0.0,0.0,
239,2,3,9,25.0,35.0,95.0,10.0,10.0,10.0,2.7,0.0,0.0,
240,2,4,0,25.0,45.0,5.0,10.0,10.0,10.0,2.7,0.0,0.0,
241,2,4,1,25.0,45.0,15.0,10.0,10.0,10.0,2.7,0.0,0.0,
242,2,4,2,25.0,45.0,25.0,10.0,10.0,10.0,2.7,0.0,0.0,
243,2,4,3,25.0,45.0,35.0,10.0,10.0,10.0,2.7,0.0,0.0,
244,2,4,4,25.0,45.0,45.0,10.0,10.0,10.0,2.7,0.0,0.0,
245,2,4,5,25.0,45.0,55.0,10.0,10.0,10.0,2.7,0.0,0.0,
246,2,4,6,25.0,45.0,65.0,10.0,10.0,10.0,2.7,0.0,0.0,
247,2,4,7,25.0,45.0,75.0,10.0,10.0,10.0,2.7,0.0,0.0,
248,2,4,8,25.0,45.0,85.0,10.0,10.0,10.0,2.7,0.0,0.0,
249,2,4,9,25.0,45.0,95.0,10.0,10.0,10.0,2.7,0.0,0.0,
250,2,5,0,25.0,55.0,5.0,10.0,10.0,10.0,2.7,0.0,0.0,
251,2,5,1,25.0,55.0,15.0,10.0,10.0,10.0,2.7,0.0,0.0,
252,2,5,2,25.0,55.0,25.0,10.0,10.0,10.0,2.7,0.0,0.0,
253,2,5,3,25.0,55.0,35.0,10.0,10.0,10.0,2.7,0.0,0.0,
254,2,5,4,25.0,55.0,45.0,10.0,10.0,10.0,2.7,0.0,0.0,
255,2,5,5,25.0,55.0,55.0,10.0,10.0,10.0,2.7,0.0,0.0,
256,2,5,6,25.0,55.0,65.0,10.0,10.0,10.0,2.7,0.0,0.0,
257,2,5,7,25.0,55.0,75.0,10.0,10.0,10.0,2.7,0.0,0.0,
258,2,5,8,25.0,55.0,85.0,10.0,10.0,10.0,2.7,0.0,0.0,
259,2,5,9,25.0,55.0,95.0,10.0,10.0,10.0,2.7,0.0,0.0,
260,2,6,0,25.0,65.0,5.0,10.0,10.0,10.0,2.7,0.0,0.0,
261,2,6,1,25.0,65.0,15.0,10.0,10.0,10.0,2.7,0.0,0.0,
262,2,6,2,25.0,65.0,25.0,10.0,10.0,10.0,2.7,0.0,0.0,
263,2,6,3,25.0,65.0,35.0,10.0,10.0,10.0,2.7,0.0,0.0,
264,2,6,4,25.0,65.0,45.0,10.0,10.0,10.0,2.7,0.0,0.0,
265,2,6,5,25.0,65.0,55.0,10.0,10.0,10.0,2.7,0.0,0.0,
266,2,6,6,25.0,65.0,65.0,10.0,10.0,10.0,2.7,0.0,0.0,
267,2,6,7,25.0,65.0,75.0,10.0,10.0,10.0,2.7,0.0,0.0,
268,2,6,8,25.0,65.0,85.0,10.0,10.0,10.0,2.7,0.0,0.0,
269,2,6,9,25.0,65.0,95.0,10.0,10.0,10.0,2.7,0.0,0.0,
270,2,7,0,25.0,75.0,5.0,10.0,10.0,10.0,2.7,0.0,0.0,
271,2,7,1,25.0,75.0,15.0,10.0,10.0,10.0,2.7,0.0,0.0,
272,2,7,2,25.0,75.0,25.0,10.0,10.0,10.0,2.7,0.0,0.0,
273,2,7,3,25.0,75.0,35.0,10.0,10.0,10.0,2.7,0.0,0.0,
274,2,7,4,25.0,75.0,45.0,10.0,10.0,10.0,2.7,0.0,0.0,
275,2,7,5,25.0,75.0,55.0,10.0,10.0,10.0,2.7,0.0,0.0,
276,2,7,6,25.0,75.0,65.0,10.0,10.0,10.0,2.7,0.0,0.0,
277,2,7,7,25.0,75.0,75.0,10.0,10.0,10.0,2.7,0.0,0.0,
278,2,7,8,25.0,75.0,85.0,10.0,10.0,10.0,2.7,0.0,0.0,
279,2,7,9,25.0,75.0,95.0,10.0,10.0,10.0,2.7,0.0,0.0,
280,2,8,0,25.0,85.0,5.0,10.0,10.0,10.0,2.7,0.0,0.0,
281,2,8,1,25.0,85.0,15.0,10.0,10.0,10.0,2.7,0.0,0.0,
282,2,8,2,25.0,85.0,25.0,10.0,10.0,10.0,2.7,0.0,0.0,
283,2,8,3,25.0,85.0,35.0,10.0,10.0,10.0,2.7,0.0,0.0,
284,2,8,4,25.0,85.0,45.0,10.0,10.0,10.0,2.7,0.0,0.0,
285,2,8,5,25.0,85.0,55.0,10.0,10.0,10.0,2.7,0.0,0.0,
286,2,8,6,25.0,85.0,65.0,10.0,10.0,10.0,2.7,0.0,0.0,
287,2,8,7,25.0,85.0,75.0,10.0,10.0,10.0,2.7,0.0,0.0,
288,2,8,8,25.0,85.0,85.0,10.0,10.0,10.0,2.7,0.0,0.0,
289,2,8,9,25.0,85.0,95.0,10.0,10.0,10.0,2.7,0.0,0.0,
290,2,9,0,25.0,95.0,5.0,10.0,10.0,10.0,2.7,0.0,0.0,
291,2,9,1,25.0,95.0,15.0,10.0,10.0,10.0,2.7,0.0,0.0,
292,2,9,2,25.0,95.0,25.0,10.0,10.0,10.0,2.7,0.0,0.0,
293,2,9,3,25.0,95.0,35.0,10.0,10.0,10.0,2.7,0.0,0.0,
294,2,9,4,25.0,95.0,45.0,10.0,10.0,10.0,2.7,0.0,0.0,
295,2,9,5,25.0,95.0,55.0,10.0,10.0,10.0,2.7,0.0,0.0,
296,2,9,6,25.0,95.0,65.0,10.0,10.0,10.0,2.7,0.0,0.0,
297,2,9,7,25.0,95.0,75.0,10.0,10.0,10.0,2.7,0.0,0.0,
298,2,9,8,25.0,95.0,85.0,10.0,10.0,10.0,2.7,0.0,0.0,
299,2,9,9,25.0,95.0,95.0,10.0,10.0,10.0,2.7,0.0,0.0,
300,3,0,0,35.0,5.0,5.0,10.0,10.0,10.0,2.7,0.0,0.0,
301,3,0,1,35.0,5.0,15.0,10.0,10.0,10.0,2.7,0.0,0.0,
302,3,0,2,35.0,5.0,25.0,10.0,10.0,10.0,2.7,0.0,0.0,
303,3,0,3,35.0,5.0,35.0,10.0,10.0,10.0,2.7,0.0,0.0,
304,3,0,4,35.0,5.0,45.0,10.0,10.0,10.0,2.7,0.0,0.0,
305,3,0,5,35.0,5.0,55.0,10.0,10.0,10.0,2.7,0.0,0.0,
306,3,0,6,35.0,5.0,65.0,10.0,10.0,10.0,2.7,0.0,0.0,
307,3,0,7,35.0,5.0,75.0,10.0,10.0,10.0,2.7,0.0,0.0,
308,3,0,8,35.0,5.0,85.0,10.0,10.0,10.0,2.7,0.0,0.0,
309,3,0,9,35.0,5.0,95.0,10.0,10.0,10.0,2.7,0.0,0.0,
310,3,1,0,35.0,15.0,5.0,10.0,10.0,10.0,2.7,0.0,0.0,
311,3,1,1,35.0,15.0,15.0,10.0,10.0,10.0,2.7,0.0,0.0,
312,3,1,2,35.0,15.0,25.0,10.0,10.0,10.0,2.7,0.0,0.0,
313,3,1,3,35.0,15.0,35.0,10.0,10.0,10.0,2.7,0.0,0.0,
314,3,1,4,35.0,15.0,45.0,10.0,10.0,10.0,2.7,0.0,0.0,
315,3,1,5,35.0,15.0,55.0,10.0,10.0,10.0,2.7,0.0,0.0,
316,3,1,6,35.0,15.0,65.0,10.0,10.0,10.0,2.7,0.0,0.0,
317,3,1,7,35.0,15.0,75.0,10.0,10.0,10.0,2.7,0.0,0.0,
318,3,1,8,35.0,15.0,85.0,10.0,10.0,10.0,2.7,0.0,0.0,
319,3,1,9,35.0,15.0,95.0,10.0,10.0,10.0,2.7,0.0,0.0,
320,3,2,0,35.0,25.0,5.0,10.0,10.0,10.0,2.7,0.0,0.0,
321,3,2,1,35.0,25.0,15.0,10.0,10.0,10.0,2.7,0.0,0.0,
322,3,2,2,35.0,25.0,25.0,10.0,10.0,10.0,2.7,0.0,0.0,
323,3,2,3,35.0,25.0,35.0,10.0,10.0,10.0,2.7,0.0,0.0,
324,3,2,4,35.0,25.0,45.0,10.0,10.0,10.0,2.7,0.0,0.0,
325,3,2,5,35.0,25.0,55.0,10.0,10.0,10.0,2.7,0.0,0.0,
326,3,2,6,35.0,25.0,65.0,10.0,10.0,10.0,2.7,0.0,0.0,
327,3,2,7,35.0,25.0,75.0,10.0,10.0,10.0,2.7,0.0,0.0,
328,3,2,8,35.0,25.0,85.0,10.0,10.0,10.0,2.7,0.0,0.0,
329,3,2,9,35.0,25.0,95.0,10.0,10.0,10.0,2.7,0.0,0.0,
330,3,3,0,35.0,35.0,5.0,10.0,10.0,10.0,2.7,0.0,0.0,
331,3,3,1,35.0,35.0,15.0,10.0,10.0,10.0,2.7,0.0,0.0,
332,3,3,2,35.0,35.0,25.0,10.0,10.0,10.0,2.7,0.0,0.0,
333,3,3,3,35.0,35.0,35.0,10.0,10.0,10.0,2.7,0.0,0.0,
334,3,3,4,35.0,35.0,45.0,10.0,10.0,10.0,2.7,0.0,0.0,
335,3,3,5,35.0,35.0,55.0,10.0,10.0,10.0,2.7,0.0,0.0,
336,3,3,6,35.0,35.0,65.0,10.0,10.0,10.0,2.7,0.0,0.0,
337,3,3,7,35.0,35.0,75.0,10.0,10.0,10.0,2.7,0.0,0.0,
338,3,3,8,35.0,35.0,85.0,10.0,10.0,10.0,2.7,0.0,0.0,
339,3,3,9,35.0,35.0,95.0,10.0,10.0,10.0,2.7,0.0,0.0,
340,3,4,0,35.0,45.0,5.0,10.0,10.0,10.0,2.7,0.0,0.0,
341,3,4,1,35.0,45.0,15.0,10.0,10.0,10.0,2.7,0.0,0.0,
342,3,4,2,35.0,45.0,25.0,10.0,10.0,10.0,2.7,0.0,0.0,
343,3,4,3,35.0,45.0,35.0,10.0,10.0,10.0,2.7,0.0,0.0,
344,3,4,4,35.0,45.0,45.0,10.0,10.0,10.0,2.7,0.0,0.0,
345,3,4,5,35.0,45.0,55.0,10.0,10.0,10.0,2.7,0.0,0.0,
346,3,4,6,35.0,45.0,65.0,10.0,10.0,10.0,2.7,0.0,0.0,
347,3,4,7,35.0,45.0,75.0,10.0,10.0,10.0,2.7,0.0,0.0,
348,3,4,8,35.0,45.0,85.0,10.0,10.0,10.0,2.7,0.0,0.0,
349,3,4,9,35.0,45.0,95.0,10.0,10.0,10.0,2.7,0.0,0.0,
350,3,5,0,35.0,55.0,5.0,10.0,10.0,10.0,2.7,0.0,0.0,
351,3,5,1,35.0,55.0,15.0,10.0,10.0,10.0,2.7,0.0,0.0,
352,3,5,2,35.0,55.0,25.0,10.0,10.0,10.0,2.7,0.0,0.0,
353,3,5,3,35.0,55.0,35.0,10.0,10.0,10.0,2.7,0.0,0.0,
354,3,5,4,35.0,55.0,45.0,10.0,10.0,10.0,2.7,0.0,0.0,
355,3,5,5,35.0,55.0,55.0,10.0,10.0,10.0,2.7,0.0,0.0,
356,3,5,6,35.0,55.0,65.0,10.0,10.0,10.0,2.7,0.0,0.0,
357,3,5,7,35.0,55.0,75.0,10.0,10.0,10.0,2.7,0.0,0.0,
358,3,5,8,35.0,55.0,85.0,10.0,10.0,10.0,2.7,0.0,0.0,
359,3,5,9,35.0,55.0,95.0,10.0,10.0,10.0,2.7,0.0,0.0,
360,3,6,0,35.0,65.0,5.0,10.0,10.0,10.0,2.7,0.0,0.0,
361,3,6,1,35.0,65.0,15.0,10.0,10.0,10.0,2.7,0.0,0.0,
362,3,6,2,35.0,65.0,25.0,10.0,10.0,10.0,2.7,0.0,0.0,
363,3,6,3,35.0,65.0,35.0,10.0,10.0,10.0,2.7,0.0,0.0,
364,3,6,4,35.0,65.0,45.0,10.0,10.0,10.0,2.7,0.0,0.0,
365,3,6,5,35.0,65.0,55.0,10.0,10.0,10.0,2.7,0.0,0.0,
366,3,6,6,35.0,65.0,65.0,10.0,10.0,10.0,2.7,0.0,0.0,
367,3,6,7,35.0,65.0,75.0,10.0,10.0,10.0,2.7,0.0,0.0,
368,3,6,8,35.0,65.0,85.0,10.0,10.0,10.0,2.7,0.0,0.0,
369,3,6,9,35.0,65.0,95.0,10.0,10.0,10.0,2.7,0.0,0.0,
370,3,7,0,35.0,75.0,5.0,10.0,10.0,10.0,2.7,0.0,0.0,
371,3,7,1,35.0,75.0,15.0,10.0,10.0,10.0,2.7,0.0,0.0,
372,3,7,2,35.0,75.0,25.0,10.0,10.0,10.0,2.7,0.0,0.0,
373,3,7,3,35.0,75.0,35.0,10.0,10.0,10.0,2.7,0.0,0.0,
374,3,7,4,35.0,75.0,45.0,10.0,10.0,10.0,2.7,0.0,0.0,
375,3,7,5,35.0,75.0,55.0,10.0,10.0,10.0,2.7,0.0,0.0,
376,3,7,6,35.0,75.0,65.0,10.0,10.0,10.0,2.7,0.0,0.0,
377,3,7,7,35.0,75.0,75.0,10.0,10.0,10.0,2.7,0.0,0.0,
378,3,7,8,35.0,75.0,85.0,10.0,10.0,10.0,2.7,0.0,0.0,
379,3,7,9,35.0,75.0,95.0,10.0,10.0,10.0,2.7,0.0,0.0,
380,3,8,0,35.0,85.0,5.0,10.0,10.0,10.0,2.7,0.0,0.0,
381,3,8,1,35.0,85.0,15.0,10.0,10.0,10.0,2.7,0.0,0.0,
382,3,8,2,35.0,85.0,25.0,10.0,10.0,10.0,2.7,0.0,0.0,
383,3,8,3,35.0,85.0,35.0,10.0,10.0,10.0,2.7,0.0,0.0,
384,3,8,4,35.0,85.0,45.0,10.0,10.0,10.0,2.7,0.0,0.0,
385,3,8,5,35.0,85.0,55.0,10.0,10.0,10.0,2.7,0.0,0.0,
386,3,8,6,35.0,85.0,65.0,10.0,10.0,10.0,2.7,0.0,0.0,
387,3,8,7,35.0,85.0,75.0,10.0,10.0,10.0,2.7,0.0,0.0,
388,3,8,8,35.0,85.0,85.0,10.0,10.0,10.0,2.7,0.0,0.0,
389,3,8,9,35.0,85.0,95.0,10.0,10.0,10.0,2.7,0.0,0.0,
390,3,9,0,35.0,95.0,5.0,10.0,10.0,10.0,2.7,0.0,0.0,
391,3,9,1,35.0,95.0,15.0,10.0,10.0,10.0,2.7,0.0,0.0,
392,3,9,2,35.0,95.0,25.0,10.0,10.0,10.0,2.7,0.0,0.0,
393,3,9,3,35.0,95.0,35.0,10.0,10.0,10.0,2.7,0.0,0.0,
394,3,9,4,35.0,95.0,45.0,10.0,10.0,10.0,2.7,0.0,0.0,
395,3,9,5,35.0,95.0,55.0,10.0,10.0,10.0,2.7,0.0,0.0,
396,3,9,6,35.0,95.0,65.0,10.0,10.0,10.0,2.7,0.0,0.0,
397,3,9,7,35.0,95.0,75.0,10.0,10.0,10.0,2.7,0.0,0.0,
398,3,9,8,35.0,95.0,85.0,10.0,10.0,10.0,2.7,0.0,0.0,
399,3,9,9,35.0,95.0,95.0,10.0,10.0,10.0,2.7,0.0,0.0,
400,4,0,0,45.0,5.0,5.0,10.0,10.0,10.0,2.7,0.0,0.0,
401,4,0,1,45.0,5.0,15.0,10.0,10.0,10.0,2.7,0.0,0.0,
402,4,0,2,45.0,5.0,25.0,10.0,10.0,10.0,2.7,0.0,0.0,
403,4,0,3,45.0,5.0,35.0,10.0,10.0,10.0,2.7,0.0,0.0,
404,4,0,4,45.0,5.0,45.0,10.0,10.0,10.0,2.7,0.0,0.0,
405,4,0,5,45.0,5.0,55.0,10.0,10.0,10.0,2.7,0.0,0.0,
406,4,0,6,45.0,5.0,65.0,10.0,10.0,10.0,2.7,0.0,0.0,
407,4,0,7,45.0,5.0,75.0,10.0,10.0,10.0,2.7,0.0,0.0,
408,4,0,8,45.0,5.0,85.0,10.0,10.0,10.0,2.7,0.0,0.0,
409,4,0,9,45.0,5.0,95.0,10.0,10.0,10.0,2.7,0.0,0.0,
410,4,1,0,45.0,15.0,5.0,10.0,10.0,10.0,2.7,0.0,0.0,
411,4,1,1,45.0,15.0,15.0,10.0,10.0,10.0,2.7,0.0,0.0,
412,4,1,2,45.0,15.0,25.0,10.0,10.0,10.0,2.7,0.0,0.0,
413,4,1,3,45.0,15.0,35.0,10.0,10.0,10.0,2.7,0.0,0.0,
414,4,1,4,45.0,15.0,45.0,10.0,10.0,10.0,2.7,0.0,0.0,
415,4,1,5,45.0,15.0,55.0,10.0,10.0,10.0,2.7,0.0,0.0,
416,4,1,6,45.0,15.0,65.0,10.0,10.0,10.0,2.7,0.0,0.0,
417,4,1,7,45.0,15.0,75.0,10.0,10.0,10.0,2.7,0.0,0.0,
418,4,1,8,45.0,15.0,85.0,10.0,10.0,10.0,2.7,0.0,0.0,
419,4,1,9,45.0,15.0,95.0,10.0,10.0,10.0,2.7,0.0,0.0,
420,4,2,0,45.0,25.0,5.0,10.0,10.0,10.0,2.7,0.0,0.0,
421,4,2,1,45.0,25.0,15.0,10.0,10.0,10.0,2.7,0.0,0.0,
422,4,2,2,45.0,25.0,25.0,10.0,10.0,10.0,2.7,0.0,0.0,
423,4,2,3,45.0,25.0,35.0,10.0,10.0,10.0,2.7,0.0,0.0,
424,4,2,4,45.0,25.0,45.0,10.0,10.0,10.0,2.7,0.0,0.0,
425,4,2,5,45.0,25.0,55.0,10.0,10.0,10.0,2.7,0.0,0.0,
426,4,2,6,45.0,25.0,65.0,10.0,10.0,10.0,2.7,0.0,0.0,
427,4,2,7,45.0,25.0,75.0,10.0,10.0,10.0,2.7,0.0,0.0,
428,4,2,8,45.0,25.0,85.0,10.0,10.0,10.0,2.7,0.0,0.0,
429,4,2,9,45.0,25.0,95.0,10.0,10.0,10.0,2.7,0.0,0.0,
430,4,3,0,45.0,35.0,5.0,10.0,10.0,10.0,5.0,0.0,0.0,
431,4,3,1,45.0,35.0,15.0,10.0,10.0,10.0,5.0,0.0,0.0,
432,4,3,2,45.0,35.0,25.0,10.0,10.0,10.0,5.0,0.0,0.0,
433,4,3,3,45.0,35.0,35.0,10.0,10.0,10.0,5.0,0.0,0.0,
434,4,3,4,45.0,35.0,45.0,10.0,10.0,10.0,5.0,0.0,0.0,
435,4,3,5,45.0,35.0,55.0,10.0,10.0,10.0,5.0,0.0,0.0,
436,4,3,6,45.0,35.0,65.0,10.0,10.0,10.0,5.0,0.0,0.0,
437,4,3,7,45.0,35.0,75.0,10.0,10.0,10.0,5.0,0.0,0.0,
438,4,3,8,45.0,35.0,85.0,10.0,10.0,10.0,5.0,0.0,0.0,
439,4,3,9,45.0,35.0,95.0,10.0,10.0,10.0,5.0,0.0,0.0,
440,4,4,0,45.0,45.0,5.0,10.0,10.0,10.0,5.0,0.0,0.0,
441,4,4,1,45.0,45.0,15.0,10.0,10.0,10.0,5.0,0.0,0.0,
442,4,4,2,45.0,45.0,25.0,10.0,10.0,10.0,5.0,0.0,0.0,
443,4,4,3,45.0,45.0,35.0,10.0,10.0,10.0,5.0,0.0,0.0,
444,4,4,4,45.0,45.0,45.0,10.0,10.0,10.0,5.0,0.0,0.0,
445,4,4,5,45.0,45.0,55.0,10.0,10.0,10.0,5.0,0.0,0.0,
446,4,4,6,45.0,45.0,65.0,10.0,10.0,10.0,5.0,0.0,0.0,
447,4,4,7,45.0,45.0,75.0,10.0,10.0,10.0,5.0,0.0,0.0,
448,4,4,8,45.0,45.0,85.0,10.0,10.0,10.0,5.0,0.0,0.0,
449,4,4,9,45.0,45.0,95.0,10.0,10.0,10.0,5.0,0.0,0.0,
450,4,5,0,45.0,55.0,5.0,10.0,10.0,10.0,5.0,0.0,0.0,
451,4,5,1,45.0,55.0,15.0,10.0,10.0,10.0,5.0,0.0,0.0,
452,4,5,2,45.0,55.0,25.0,10.0,10.0,10.0,5.0,0.0,0.0,
453,4,5,3,45.0,55.0,35.0,10.0,10.0,10.0,5.0,0.0,0.0,
454,4,5,4,45.0,55.0,45.0,10.0,10.0,10.0,5.0,0.0,0.0,
455,4,5,5,45.0,55.0,55.0,10.0,10.0,10.0,5.0,0.0,0.0,
456,4,5,6,45.0,55.0,65.0,10.0,10.0,10.0,5.0,0.0,0.0,
457,4,5,7,45.0,55.0,75.0,10.0,10.0,10.0,5.0,0.0,0.0,
458,4,5,8,45.0,55.0,85.0,10.0,10.0,10.0,5.0,0.0,0.0,
459,4,5,9,45.0,55.0,95.0,10.0,10.0,10.0,5.0,0.0,0.0,
460,4,6,0,45.0,65.0,5.0,10.0,10.0,10.0,2.7,0.0,0.0,
461,4,6,1,45.0,65.0,15.0,10.0,10.0,10.0,2.7,0.0,0.0,
462,4,6,2,45.0,65.0,25.0,10.0,10.0,10.0,2.7,0.0,0.0,
463,4,6,3,45.0,65.0,35.0,10.0,10.0,10.0,2.7,0.0,0.0,
464,4,6,4,45.0,65.0,45.0,10.0,10.0,10.0,2.7,0.0,0.0,
465,4,6,5,45.0,65.0,55.0,10.0,10.0,10.0,2.7,0.0,0.0,
466,4,6,6,45.0,65.0,65.0,10.0,10.0,10.0,2.7,0.0,0.0,
467,4,6,7,45.0,65.0,75.0,10.0,10.0,10.0,2.7,0.0,0.0,
468,4,6,8,45.0,65.0,85.0,10.0,10.0,10.0,2.7,0.0,0.0,
469,4,6,9,45.0,65.0,95.0,10.0,10.0,10.0,2.7,0.0,0.0,
470,4,7,0,45.0,75.0,5.0,10.0,10.0,10.0,2.7,0.0,0.0,
471,4,7,1,45.0,75.0,15.0,10.0,10.0,10.0,2.7,0.0,0.0,
472,4,7,2,45.0,75.0,25.0,10.0,10.0,10.0,2.7,0.0,0.0,
473,4,7,3,45.0,75.0,35.0,10.0,10.0,10.0,2.7,0.0,0.0,
474,4,7,4,45.0,75.0,45.0,10.0,10.0,10.0,2.7,0.0,0.0,
475,4,7,5,45.0,75.0,55.0,10.0,10.0,10.0,2.7,0.0,0.0,
476,4,7,6,45.0,75.0,65.0,10.0,10.0,10.0,2.7,0.0,0.0,
477,4,7,7,45.0,75.0,75.0,10.0,10.0,10.0,2.7,0.0,0.0,
478,4,7,8,45.0,75.0,85.0,10.0,10.0,10.0,2.7,0.0,0.0,
479,4,7,9,45.0,75.0,95.0,10.0,10.0,10.0,2.7,0.0,0.0,
480,4,8,0,45.0,85.0,5.0,10.0,10.0,10.0,2.7,0.0,0.0,
481,4,8,1,45.0,85.0,15.0,10.0,10.0,10.0,2.7,0.0,0.0,
482,4,8,2,45.0,85.0,25.0,10.0,10.0,10.0,2.7,0.0,0.0,
483,4,8,3,45.0,85.0,35.0,10.0,10.0,10.0,2.7,0.0,0.0,
484,4,8,4,45.0,85.0,45.0,10.0,10.0,10.0,2.7,0.0,0.0,
485,4,8,5,45.0,85.0,55.0,10.0,10.0,10.0,2.7,0.0,0.0,
486,4,8,6,45.0,85.0,65.0,10.0,10.0,10.0,2.7,0.0,0.0,
487,4,8,7,45.0,85.0,75.0,10.0,10.0,10.0,2.7,0.0,0.0,
488,4,8,8,45.0,85.0,85.0,10.0,10.0,10.0,2.7,0.0,0.0,
489,4,8,9,45.0,85.0,95.0,10.0,10.0,10.0,2.7,0.0,0.0,
490,4,9,0,45.0,95.0,5.0,10.0,10.0,10.0,2.7,0.0,0.0,
491,4,9,1,45.0,95.0,15.0,10.0,10.0,10.0,2.7,0.0,0.0,
492,4,9,2,45.0,95.0,25.0,10.0,10.0,10.0,2.7,0.0,0.0,
493,4,9,3,45.0,95.0,35.0,10.0,10.0,10.0,2.7,0.0,0.0,
494,4,9,4,45.0,95.0,45.0,10.0,10.0,10.0,2.7,0.0,0.0,
495,4,9,5,45.0,95.0,55.0,10.0,10.0,10.0,2.7,0.0,0.0,
496,4,9,6,45.0,95.0,65.0,10.0,10.0,10.0,2.7,0.0,0.0,
497,4,9,7,45.0,95.0,75.0,10.0,10.0,10.0,2.7,0.0,0.0,
498,4,9,8,45.0,95.0,85.0,10.0,10.0,10.0,2.7,0.0,0.0,
499,4,9,9,45.0,95.0,95.0,10.0,10.0,10.0,2.7,0.0,0.0,
500,5,0,0,55.0,5.0,5.0,10.0,10.0,10.0,2.7,0.0,0.0,
501,5,0,1,55.0,5.0,15.0,10.0,10.0,10.0,2.7,0.0,0.0,
502,5,0,2,55.0,5.0,25.0,10.0,10.0,10.0,2.7,0.0,0.0,
503,5,0,3,55.0,5.0,35.0,10.0,10.0,10.0,2.7,0.0,0.0,
504,5,0,4,55.0,5.0,45.0,10.0,10.0,10.0,2.7,0.0,0.0,
505,5,0,5,55.0,5.0,55.0,10.0,10.0,10.0,2.7,0.0,0.0,
506,5,0,6,55.0,5.0,65.0,10.0,10.0,10.0,2.7,0.0,0.0,
507,5,0,7,55.0,5.0,75.0,10.0,10.0,10.0,2.7,0.0,0.0,
508,5,0,8,55.0,5.0,85.0,10.0,10.0,10.0,2.7,0.0,0.0,
509,5,0,9,55.0,5.0,95.0,10.0,10.0,10.0,2.7,0.0,0.0,
510,5,1,0,55.0,15.0,5.0,10.0,10.0,10.0,2.7,0.0,0.0,
511,5,1,1,55.0,15.0,15.0,10.0,10.0,10.0,2.7,0.0,0.0,
512,5,1,2,55.0,15.0,25.0,10.0,10.0,10.0,2.7,0.0,0.0,
513,5,1,3,55.0,15.0,35.0,10.0,10.0,10.0,2.7,0.0,0.0,
514,5,1,4,55.0,15.0,45.0,10.0,10.0,10.0,2.7,0.0,0.0,
515,5,1,5,55.0,15.0,55.0,10.0,10.0,10.0,2.7,0.0,0.0,
516,5,1,6,55.0,15.0,65.0,10.0,10.0,10.0,2.7,0.0,0.0,
517,5,1,7,55.0,15.0,75.0,10.0,10.0,10.0,2.7,0.0,0.0,
518,5,1,8,55.0,15.0,85.0,10.0,10.0,10.0,2.7,0.0,0.0,
519,5,1,9,55.0,15.0,95.0,10.0,10.0,10.0,2.7,0.0,0.0,
520,5,2,0,55.0,25.0,5.0,10.0,10.0,10.0,2.7,0.0,0.0,
521,5,2,1,55.0,25.0,15.0,10.0,10.0,10.0,2.7,0.0,0.0,
522,5,2,2,55.0,25.0,25.0,10.0,10.0,10.0,2.7,0.0,0.0,
523,5,2,3,55.0,25.0,35.0,10.0,10.0,10.0,2.7,0.0,0.0,
524,5,2,4,55.0,25.0,45.0,10.0,10.0,10.0,2.7,0.0,0.0,
525,5,2,5,55.0,25.0,55.0,10.0,10.0,10.0,2.7,0.0,0.0,
526,5,2,6,55.0,25.0,65.0,10.0,10.0,10.0,2.7,0.0,0.0,
527,5,2,7,55.0,25.0,75.0,10.0,10.0,10.0,2.7,0.0,0.0,
528,5,2,8,55.0,25.0,85.0,10.0,10.0,10.0,2.7,0.0,0.0,
529,5,2,9,55.0,25.0,95.0,10.0,10.0,10.0,2.7,0.0,0.0,
530,5,3,0,55.0,35.0,5.0,10.0,10.0,10.0,5.0,0.0,0.0,
531,5,3,1,55.0,35.0,15.0,10.0,10.0,10.0,5.0,0.0,0.0,
532,5,3,2,55.0,35.0,25.0,10.0,10.0,10.0,5.0,0.0,0.0,
533,5,3,3,55.0,35.0,35.0,10.0,10.0,10.0,5.0,0.0,0.0,
534,5,3,4,55.0,35.0,45.0,10.0,10.0,10.0,5.0,0.0,0.0,
535,5,3,5,55.0,35.0,55.0,10.0,10.0,10.0,5.0,0.0,0.0,
536,5,3,6,55.0,35.0,65.0,10.0,10.0,10.0,5.0,0.0,0.0,
537,5,3,7,55.0,35.0,75.0,10.0,10.0,10.0,5.0,0.0,0.0,
538,5,3,8,55.0,35.0,85.0,10.0,10.0,10.0,5.0,0.0,0.0,
539,5,3,9,55.0,35.0,95.0,10.0,10.0,10.0,5.0,0.0,0.0,
540,5,4,0,55.0,45.0,5.0,10.0,10.0,10.0,5.0,0.0,0.0,
541,5,4,1,55.0,45.0,15.0,10.0,10.0,10.0,5.0,0.0,0.0,
542,5,4,2,55.0,45.0,25.0,10.0,10.0,10.0,5.0,0.0,0.0,
543,5,4,3,55.0,45.0,35.0,10.0,10.0,10.0,5.0,0.0,0.0,
544,5,4,4,55.0,45.0,45.0,10.0,10.0,10.0,5.0,0.0,0.0,
545,5,4,5,55.0,45.0,55.0,10.0,10.0,10.0,5.0,0.0,0.0,
546,5,4,6,55.0,45.0,65.0,10.0,10.0,10.0,5.0,0.0,0.0,
547,5,4,7,55.0,45.0,75.0,10.0,10.0,10.0,5.0,0.0,0.0,
548,5,4,8,55.0,45.0,85.0,10.0,10.0,10.0,5.0,0.0,0.0,
549,5,4,9,55.0,45.0,95.0,10.0,10.0,10.0,5.0,0.0,0.0,
550,5,5,0,55.0,55.0,5.0,10.0,10.0,10.0,5.0,0.0,0.0,
551,5,5,1,55.0,55.0,15.0,10.0,10.0,10.0,5.0,0.0,0.0,
552,5,5,2,55.0,55.0,25.0,10.0,10.0,10.0,5.0,0.0,0.0,
553,5,5,3,55.0,55.0,35.0,10.0,10.0,10.0,5.0,0.0,0.0,
554,5,5,4,55.0,55.0,45.0,10.0,10.0,10.0,5.0,0.0,0.0,
555,5,5,5,55.0,55.0,55.0,10.0,10.0,10.0,5.0,0.0,0.0,
556,5,5,6,55.0,55.0,65.0,10.0,10.0,10.0,5.0,0.0,0.0,
557,5,5,7,55.0,55.0,75.0,10.0,10.0,10.0,5.0,0.0,0.0,
558,5,5,8,55.0,55.0,85.0,10.0,10.0,10.0,5.0,0.0,0.0,
559,5,5,9,55.0,55.0,95.0,10.0,10.0,10.0,5.0,0.0,0.0,
560,5,6,0,55.0,65.0,5.0,10.0,10.0,10.0,2.7,0.0,0.0,
561,5,6,1,55.0,65.0,15.0,10.0,10.0,10.0,2.7,0.0,0.0,
562,5,6,2,55.0,65.0,25.0,10.0,10.0,10.0,2.7,0.0,0.0,
563,5,6,3,55.0,65.0,35.0,10.0,10.0,10.0,2.7,0.0,0.0,
564,5,6,4,55.0,65.0,45.0,10.0,10.0,10.0,2.7,0.0,0.0,
565,5,6,5,55.0,65.0,55.0,10.0,10.0,10.0,2.7,0.0,0.0,
566,5,6,6,55.0,65.0,65.0,10.0,10.0,10.0,2.7,0.0,0.0,
567,5,6,7,55.0,65.0,75.0,10.0,10.0,10.0,2.7,0.0,0.0,
568,5,6,8,55.0,65.0,85.0,10.0,10.0,10.0,2.7,0.0,0.0,
569,5,6,9,55.0,65.0,95.0,10.0,10.0,10.0,2.7,0.0,0.0,
570,5,7,0,55.0,75.0,5.0,10.0,10.0,10.0,2.7,0.0,0.0,
571,5,7,1,55.0,75.0,15.0,10.0,10.0,10.0,2.7,0.0,0.0,
572,5,7,2,55.0,75.0,25.0,10.0,10.0,10.0,2.7,0.0,0.0,
573,5,7,3,55.0,75.0,35.0,10.0,10.0,10.0,2.7,0.0,0.0,
574,5,7,4,55.0,75.0,45.0,10.0,10.0,10.0,2.7,0.0,0.0,
575,5,7,5,55.0,75.0,55.0,10.0,10.0,10.0,2.7,0.0,0.0,
576,5,7,6,55.0,75.0,65.0,10.0,10.0,10.0,2.7,0.0,0.0,
577,5,7,7,55.0,75.0,75.0,10.0,10.0,10.0,2.7,0.0,0.0,
578,5,7,8,55.0,75.0,85.0,10.0,10.0,10.0,2.7,0.0,0.0,
579,5,7,9,55.0,75.0,95.0,10.0,10.0,10.0,2.7,0.0,0.0,
580,5,8,0,55.0,85.0,5.0,10.0,10.0,10.0,2.7,0.0,0.0,
581,5,8,1,55.0,85.0,15.0,10.0,10.0,10.0,2.7,0.0,0.0,
582,5,8,2,55.0,85.0,25.0,10.0,10.0,10.0,2.7,0.0,0.0,
583,5,8,3,55.0,85.0,35.0,10.0,10.0,10.0,2.7,0.0,0.0,
584,5,8,4,55.0,85.0,45.0,10.0,10.0,10.0,2.7,0.0,0.0,
585,5,8,5,55.0,85.0,55.0,10.0,10.0,10.0,2.7,0.0,0.0,
586,5,8,6,55.0,85.0,65.0,10.0,10.0,10.0,2.7,0.0,0.0,
587,5,8,7,55.0,85.0,75.0,10.0,10.0,10.0,2.7,0.0,0.0,
588,5,8,8,55.0,85.0,85.0,10.0,10.0,10.0,2.7,0.0,0.0,
589,5,8,9,55.0,85.0,95.0,10.0,10.0,10.0,2.7,0.0,0.0,
590,5,9,0,55.0,95.0,5.0,10.0,10.0,10.0,2.7,0.0,0.0,
591,5,9,1,55.0,95.0,15.0,10.0,10.0,10.0,2.7,0.0,0.0,
592,5,9,2,55.0,95.0,25.0,10.0,10.0,10.0,2.7,0.0,0.0,
593,5,9,3,55.0,95.0,35.0,10.0,10.0,10.0,2.7,0.0,0.0,
594,5,9,4,55.0,95.0,45.0,10.0,10.0,10.0,2.7,0.0,0.0,
595,5,9,5,55.0,95.0,55.0,10.0,10.0,10.0,2.7,0.0,0.0,
596,5,9,6,55.0,95.0,65.0,10.0,10.0,10.0,2.7,0.0,0.0,
597,5,9,7,55.0,95.0,75.0,10.0,10.0,10.0,2.7,0.0,0.0,
598,5,9,8,55.0,95.0,85.0,10.0,10.0,10.0,2.7,0.0,0.0,
599,5,9,9,55.0,95.0,95.0,10.0,10.0,10.0,2.7,0.0,0.0,
600,6,0,0,65.0,5.0,5.0,10.0,10.0,10.0,2.7,0.0,0.0,
601,6,0,1,65.0,5.0,15.0,10.0,10.0,10.0,2.7,0.0,0.0,
602,6,0,2,65.0,5.0,25.0,10.0,10.0,10.0,2.7,0.0,0.0,
603,6,0,3,65.0,5.0,35.0,10.0,10.0,10.0,2.7,0.0,0.0,
604,6,0,4,65.0,5.0,45.0,10.0,10.0,10.0,2.7,0.0,0.0,
605,6,0,5,65.0,5.0,55.0,10.0,10.0,10.0,2.7,0.0,0.0,
606,6,0,6,65.0,5.0,65.0,10.0,10.0,10.0,2.7,0.0,0.0,
607,6,0,7,65.0,5.0,75.0,10.0,10.0,10.0,2.7,0.0,0.0,
608,6,0,8,65.0,5.0,85.0,10.0,10.0,10.0,2.7,0.0,0.0,
609,6,0,9,65.0,5.0,95.0,10.0,10.0,10.0,2.7,0.0,0.0,
610,6,1,0,65.0,15.0,5.0,10.0,10.0,10.0,2.7,0.0,0.0,
611,6,1,1,65.0,15.0,15.0,10.0,10.0,10.0,2.7,0.0,0.0,
612,6,1,2,65.0,15.0,25.0,10.0,10.0,10.0,2.7,0.0,0.0,
613,6,1,3,65.0,15.0,35.0,10.0,10.0,10.0,2.7,0.0,0.0,
614,6,1,4,65.0,15.0,45.0,10.0,10.0,10.0,2.7,0.0,0.0,
615,6,1,5,65.0,15.0,55.0,10.0,10.0,10.0,2.7,0.0,0.0,
616,6,1,6,65.0,15.0,65.0,10.0,10.0,10.0,2.7,0.0,0.0,
617,6,1,7,65.0,15.0,75.0,10.0,10.0,10.0,2.7,0.0,0.0,
618,6,1,8,65.0,15.0,85.0,10.0,10.0,10.0,2.7,0.0,0.0,
619,6,1,9,65.0,15.0,95.0,10.0,10.0,10.0,2.7,0.0,0.0,
620,6,2,0,65.0,25.0,5.0,10.0,10.0,10.0,2.7,0.0,0.0,
621,6,2,1,65.0,25.0,15.0,10.0,10.0,10.0,2.7,0.0,0.0,
622,6,2,2,65.0,25.0,25.0,10.0,10.0,10.0,2.7,0.0,0.0,
623,6,2,3,65.0,25.0,35.0,10.0,10.0,10.0,2.7,0.0,0.0,
624,6,2,4,65.0,25.0,45.0,10.0,10.0,10.0,2.7,0.0,0.0,
625,6,2,5,65.0,25.0,55.0,10.0,10.0,10.0,2.7,0.0,0.0,
626,6,2,6,65.0,25.0,65.0,10.0,10.0,10.0,2.7,0.0,0.0,
627,6,2,7,65.0,25.0,75.0,10.0,10.0,10.0,2.7,0.0,0.0,
628,6,2,8,65.0,25.0,85.0,10.0,10.0,10.0,2.7,0.0,0.0,
629,6,2,9,65.0,25.0,95.0,10.0,10.0,10.0,2.7,0.0,0.0,
630,6,3,0,65.0,35.0,5.0,10.0,10.0,10.0,5.0,0.0,0.0,
631,6,3,1,65.0,35.0,15.0,10.0,10.0,10.0,5.0,0.0,0.0,
632,6,3,2,65.0,35.0,25.0,10.0,10.0,10.0,5.0,0.0,0.0,
633,6,3,3,65.0,35.0,35.0,10.0,10.0,10.0,5.0,0.0,0.0,
634,6,3,4,65.0,35.0,45.0,10.0,10.0,10.0,5.0,0.0,0.0,
635,6,3,5,65.0,35.0,55.0,10.0,10.0,10.0,5.0,0.0,0.0,
636,6,3,6,65.0,35.0,65.0,10.0,10.0,10.0,5.0,0.0,0.0,
637,6,3,7,65.0,35.0,75.0,10.0,10.0,10.0,5.0,0.0,0.0,
638,6,3,8,65.0,35.0,85.0,10.0,10.0,10.0,5.0,0.0,0.0,
639,6,3,9,65.0,35.0,95.0,10.0,10.0,10.0,5.0,0.0,0.0,
640,6,4,0,65.0,45.0,5.0,10.0,10.0,10.0,5.0,0.0,0.0,
641,6,4,1,65.0,45.0,15.0,10.0,10.0,10.0,5.0,0.0,0.0,
642,6,4,2,65.0,45.0,25.0,10.0,10.0,10.0,5.0,0.0,0.0,
643,6,4,3,65.0,45.0,35.0,10.0,10.0,10.0,5.0,0.0,0.0,
644,6,4,4,65.0,45.0,45.0,10.0,10.0,10.0,5.0,0.0,0.0,
645,6,4,5,65.0,45.0,55.0,10.0,10.0,10.0,5.0,0.0,0.0,
646,6,4,6,65.0,45.0,65.0,10.0,10.0,10.0,5.0,0.0,0.0,
647,6,4,7,65.0,45.0,75.0,10.0,10.0,10.0,5.0,0.0,0.0,
648,6,4,8,65.0,45.0,85.0,10.0,10.0,10.0,5.0,0.0,0.0,
649,6,4,9,65.0,45.0,95.0,10.0,10.0,10.0,5.0,0.0,0.0,
650,6,5,0,65.0,55.0,5.0,10.0,10.0,10.0,5.0,0.0,0.0,
651,6,5,1,65.0,55.0,15.0,10.0,10.0,10.0,5.0,0.0,0.0,
652,6,5,2,65.0,55.0,25.0,10.0,10.0,10.0,5.0,0.0,0.0,
653,6,5,3,65.0,55.0,35.0,10.0,10.0,10.0,5.0,0.0,0.0,
654,6,5,4,65.0,55.0,45.0,10.0,10.0,10.0,5.0,0.0,0.0,
655,6,5,5,65.0,55.0,55.0,10.0,10.0,10.0,5.0,0.0,0.0,
656,6,5,6,65.0,55.0,65.0,10.0,10.0,10.0,5.0,0.0,0.0,
657,6,5,7,65.0,55.0,75.0,10.0,10.0,10.0,5.0,0.0,0.0,
658,6,5,8,65.0,55.0,85.0,10.0,10.0,10.0,5.0,0.0,0.0,
659,6,5,9,65.0,55.0,95.0,10.0,10.0,10.0,5.0,0.0,0.0,
660,6,6,0,65.0,65.0,5.0,10.0,10.0,10.0,2.7,0.0,0.0,
661,6,6,1,65.0,65.0,15.0,10.0,10.0,10.0,2.7,0.0,0.0,
662,6,6,2,65.0,65.0,25.0,10.0,10.0,10.0,2.7,0.0,0.0,
663,6,6,3,65.0,65.0,35.0,10.0,10.0,10.0,2.7,0.0,0.0,
664,6,6,4,65.0,65.0,45.0,10.0,10.0,10.0,2.7,0.0,0.0,
665,6,6,5,65.0,65.0,55.0,10.0,10.0,10.0,2.7,0.0,0.0,
666,6,6,6,65.0,65.0,65.0,10.0,10.0,10.0,2.7,0.0,0.0,
667,6,6,7,65.0,65.0,75.0,10.0,10.0,10.0,2.7,0.0,0.0,
668,6,6,8,65.0,65.0,85.0,10.0,10.0,10.0,2.7,0.0,0.0,
669,6,6,9,65.0,65.0,95.0,10.0,10.0,10.0,2.7,0.0,0.0,
670,6,7,0,65.0,75.0,5.0,10.0,10.0,10.0,2.7,0.0,0.0,
671,6,7,1,65.0,75.0,15.0,10.0,10.0,10.0,2.7,0.0,0.0,
672,6,7,2,65.0,75.0,25.0,10.0,10.0,10.0,2.7,0.0,0.0,
673,6,7,3,65.0,75.0,35.0,10.0,10.0,10.0,2.7,0.0,0.0,
674,6,7,4,65.0,75.0,45.0,10.0,10.0,10.0,2.7,0.0,0.0,
675,6,7,5,65.0,75.0,55.0,10.0,10.0,10.0,2.7,0.0,0.0,
676,6,7,6,65.0,75.0,65.0,10.0,10.0,10.0,2.7,0.0,0.0,
677,6,7,7,65.0,75.0,75.0,10.0,10.0,10.0,2.7,0.0,0.0,
678,6,7,8,65.0,75.0,85.0,10.0,10.0,10.0,2.7,0.0,0.0,
679,6,7,9,65.0,75.0,95.0,10.0,10.0,10.0,2.7,0.0,0.0,
680,6,8,0,65.0,85.0,5.0,10.0,10.0,10.0,2.7,0.0,0.0,
681,6,8,1,65.0,85.0,15.0,10.0,10.0,10.0,2.7,0.0,0.0,
682,6,8,2,65.0,85.0,25.0,10.0,10.0,10.0,2.7,0.0,0.0,
683,6,8,3,65.0,85.0,35.0,10.0,10.0,10.0,2.7,0.0,0.0,
684,6,8,4,65.0,85.0,45.0,10.0,10.0,10.0,2.7,0.0,0.0,
685,6,8,5,65.0,85.0,55.0,10.0,10.0,10.0,2.7,0.0,0.0,
686,6,8,6,65.0,85.0,65.0,10.0,10.0,10.0,2.7,0.0,0.0,
687,6,8,7,65.0,85.0,75.0,10.0,10.0,10.0,2.7,0.0,0.0,
688,6,8,8,65.0,85.0,85.0,10.0,10.0,10.0,2.7,0.0,0.0,
689,6,8,9,65.0,85.0,95.0,10.0,10.0,10.0,2.7,0.0,0.0,
690,6,9,0,65.0,95.0,5.0,10.0,10.0,10.0,2.7,0.0,0.0,
691,6,9,1,65.0,95.0,15.0,10.0,10.0,10.0,2.7,0.0,0.0,
692,6,9,2,65.0,95.0,25.0,10.0,10.0,10.0,2.7,0.0,0.0,
693,6,9,3,65.0,95.0,35.0,10.0,10.0,10.0,2.7,0.0,0.0,
694,6,9,4,65.0,95.0,45.0,10.0,10.0,10.0,2.7,0.0,0.0,
695,6,9,5,65.0,95.0,55.0,10.0,10.0,10.0,2.7,0.0,0.0,
696,6,9,6,65.0,95.0,65.0,10.0,10.0,10.0,2.7,0.0,0.0,
697,6,9,7,65.0,95.0,75.0,10.0,10.0,10.0,2.7,0.0,0.0,
698,6,9,8,65.0,95.0,85.0,10.0,10.0,10.0,2.7,0.0,0.0,
699,6,9,9,65.0,95.0,95.0,10.0,10.0,10.0,2.7,0.0,0.0,
700,7,0,0,75.0,5.0,5.0,10.0,10.0,10.0,2.7,0.0,0.0,
701,7,0,1,75.0,5.0,15.0,10.0,10.0,10.0,2.7,0.0,0.0,
702,7,0,2,75.0,5.0,25.0,10.0,10.0,10.0,2.7,0.0,0.0,
703,7,0,3,75.0,5.0,35.0,10.0,10.0,10.0,2.7,0.0,0.0,
704,7,0,4,75.0,5.0,45.0,10.0,10.0,10.0,2.7,0.0,0.0,
705,7,0,5,75.0,5.0,55.0,10.0,10.0,10.0,2.7,0.0,0.0,
706,7,0,6,75.0,5.0,65.0,10.0,10.0,10.0,2.7,0.0,0.0,
707,7,0,7,75.0,5.0,75.0,10.0,10.0,10.0,2.7,0.0,0.0,
708,7,0,8,75.0,5.0,85.0,10.0,10.0,10.0,2.7,0.0,0.0,
709,7,0,9,75.0,5.0,95.0,10.0,10.0,10.0,2.7,0.0,0.0,
710,7,1,0,75.0,15.0,5.0,10.0,10.0,10.0,2.7,0.0,0.0,
711,7,1,1,75.0,15.0,15.0,10.0,10.0,10.0,2.7,0.0,0.0,
712,7,1,2,75.0,15.0,25.0,10.0,10.0,10.0,2.7,0.0,0.0,
713,7,1,3,75.0,15.0,35.0,10.0,10.0,10.0,2.7,0.0,0.0,
714,7,1,4,75.0,15.0,45.0,10.0,10.0,10.0,2.7,0.0,0.0,
715,7,1,5,75.0,15.0,55.0,10.0,10.0,10.0,2.7,0.0,0.0,
716,7,1,6,75.0,15.0,65.0,10.0,10.0,10.0,2.7,0.0,0.0,
717,7,1,7,75.0,15.0,75.0,10.0,10.0,10.0,2.7,0.0,0.0,
718,7,1,8,75.0,15.0,85.0,10.0,10.0,10.0,2.7,0.0,0.0,
719,7,1,9,75.0,15.0,95.0,10.0,10.0,10.0,2.7,0.0,0.0,
720,7,2,0,75.0,25.0,5.0,10.0,10.0,10.0,2.7,0.0,0.0,
721,7,2,1,75.0,25.0,15.0,10.0,10.0,10.0,2.7,0.0,0.0,
722,7,2,2,75.0,25.0,25.0,10.0,10.0,10.0,2.7,0.0,0.0,
723,7,2,3,75.0,25.0,35.0,10.0,10.0,10.0,2.7,0.0,0.0,
724,7,2,4,75.0,25.0,45.0,10.0,10.0,10.0,2.7,0.0,0.0,
725,7,2,5,75.0,25.0,55.0,10.0,10.0,10.0,2.7,0.0,0.0,
726,7,2,6,75.0,25.0,65.0,10.0,10.0,10.0,2.7,0.0,0.0,
727,7,2,7,75.0,25.0,75.0,10.0,10.0,10.0,2.7,0.0,0.0,
728,7,2,8,75.0,25.0,85.0,10.0,10.0,10.0,2.7,0.0,0.0,
729,7,2,9,75.0,25.0,95.0,10.0,10.0,10.0,2.7,0.0,0.0,
730,7,3,0,75.0,35.0,5.0,10.0,10.0,10.0,2.7,0.0,0.0,
731,7,3,1,75.0,35.0,15.0,10.0,10.0,10.0,2.7,0.0,0.0,
732,7,3,2,75.0,35.0,25.0,10.0,10.0,10.0,2.7,0.0,0.0,
733,7,3,3,75.0,35.0,35.0,10.0,10.0,10.0,2.7,0.0,0.0,
734,7,3,4,75.0,35.0,45.0,10.0,10.0,10.0,2.7,0.0,0.0,
735,7,3,5,75.0,35.0,55.0,10.0,10.0,10.0,2.7,0.0,0.0,
736,7,3,6,75.0,35.0,65.0,10.0,10.0,10.0,2.7,0.0,0.0,
737,7,3,7,75.0,35.0,75.0,10.0,10.0,10.0,2.7,0.0,0.0,
738,7,3,8,75.0,35.0,85.0,10.0,10.0,10.0,2.7,0.0,0.0,
739,7,3,9,75.0,35.0,95.0,10.0,10.0,10.0,2.7,0.0,0.0,
740,7,4,0,75.0,45.0,5.0,10.0,10.0,10.0,2.7,0.0,0.0,
741,7,4,1,75.0,45.0,15.0,10.0,10.0,10.0,2.7,0.0,0.0,
742,7,4,2,75.0,45.0,25.0,10.0,10.0,10.0,2.7,0.0,0.0,
743,7,4,3,75.0,45.0,35.0,10.0,10.0,10.0,2.7,0.0,0.0,
744,7,4,4,75.0,45.0,45.0,10.0,10.0,10.0,2.7,0.0,0.0,
745,7,4,5,75.0,45.0,55.0,10.0,10.0,10.0,2.7,0.0,0.0,
746,7,4,6,75.0,45.0,65.0,10.0,10.0,10.0,2.7,0.0,0.0,
747,7,4,7,75.0,45.0,75.0,10.0,10.0,10.0,2.7,0.0,0.0,
748,7,4,8,75.0,45.0,85.0,10.0,10.0,10.0,2.7,0.0,0.0,
749,7,4,9,75.0,45.0,95.0,10.0,10.0,10.0,2.7,0.0,0.0,
750,7,5,0,75.0,55.0,5.0,10.0,10.0,10.0,2.7,0.0,0.0,
751,7,5,1,75.0,55.0,15.0,10.0,10.0,10.0,2.7,0.0,0.0,
752,7,5,2,75.0,55.0,25.0,10.0,10.0,10.0,2.7,0.0,0.0,
753,7,5,3,75.0,55.0,35.0,10.0,10.0,10.0,2.7,0.0,0.0,
754,7,5,4,75.0,55.0,45.0,10.0,10.0,10.0,2.7,0.0,0.0,
755,7,5,5,75.0,55.0,55.0,10.0,10.0,10.0,2.7,0.0,0.0,
756,7,5,6,75.0,55.0,65.0,10.0,10.0,10.0,2.7,0.0,0.0,
757,7,5,7,75.0,55.0,75.0,10.0,10.0,10.0,2.7,0.0,0.0,
758,7,5,8,75.0,55.0,85.0,10.0,10.0,10.0,2.7,0.0,0.0,
759,7,5,9,75.0,55.0,95.0,10.0,10.0,10.0,2.7,0.0,0.0,
760,7,6,0,75.0,65.0,5.0,10.0,10.0,10.0,2.7,0.0,0.0,
761,7,6,1,75.0,65.0,15.0,10.0,10.0,10.0,2.7,0.0,0.0,
762,7,6,2,75.0,65.0,25.0,10.0,10.0,10.0,2.7,0.0,0.0,
763,7,6,3,75.0,65.0,35.0,10.0,10.0,10.0,2.7,0.0,0.0,
764,7,6,4,75.0,65.0,45.0,10.0,10.0,10.0,2.7,0.0,0.0,
765,7,6,5,75.0,65.0,55.0,10.0,10.0,10.0,2.7,0.0,0.0,
766,7,6,6,75.0,65.0,65.0,10.0,10.0,10.0,2.7,0.0,0.0,
767,7,6,7,75.0,65.0,75.0,10.0,10.0,10.0,2.7,0.0,0.0,
768,7,6,8,75.0,65.0,85.0,10.0,10.0,10.0,2.7,0.0,0.0,
769,7,6,9,75.0,65.0,95.0,10.0,10.0,10.0,2.7,0.0,0.0,
770,7,7,0,75.0,75.0,5.0,10.0,10.0,10.0,2.7,0.0,0.0,
771,7,7,1,75.0,75.0,15.0,10.0,10.0,10.0,2.7,0.0,0.0,
772,7,7,2,75.0,75.0,25.0,10.0,10.0,10.0,2.7,0.0,0.0,
773,7,7,3,75.0,75.0,35.0,10.0,10.0,10.0,2.7,0.0,0.0,
774,7,7,4,75.0,75.0,45.0,10.0,10.0,10.0,2.7,0.0,0.0,
775,7,7,5,75.0,75.0,55.0,10.0,10.0,10.0,2.7,0.0,0.0,
776,7,7,6,75.0,75.0,65.0,10.0,10.0,10.0,2.7,0.0,0.0,
777,7,7,7,75.0,75.0,75.0,10.0,10.0,10.0,2.7,0.0,0.0,
778,7,7,8,75.0,75.0,85.0,10.0,10.0,10.0,2.7,0.0,0.0,
779,7,7,9,75.0,75.0,95.0,10.0,10.0,10.0,2.7,0.0,0.0,
780,7,8,0,75.0,85.0,5.0,10.0,10.0,10.0,2.7,0.0,0.0,
781,7,8,1,75.0,85.0,15.0,10.0,10.0,10.0,2.7,0.0,0.0,
782,7,8,2,75.0,85.0,25.0,10.0,10.0,10.0,2.7,0.0,0.0,
783,7,8,3,75.0,85.0,35.0,10.0,10.0,10.0,2.7,0.0,0.0,
784,7,8,4,75.0,85.0,45.0,10.0,10.0,10.0,2.7,0.0,0.0,
785,7,8,5,75.0,85.0,55.0,10.0,10.0,10.0,2.7,0.0,0.0,
786,7,8,6,75.0,85.0,65.0,10.0,10.0,10.0,2.7,0.0,0.0,
787,7,8,7,75.0,85.0,75.0,10.0,10.0,10.0,2.7,0.0,0.0,
788,7,8,8,75.0,85.0,85.0,10.0,10.0,10.0,2.7,0.0,0.0,
789,7,8,9,75.0,85.0,95.0,10.0,10.0,10.0,2.7,0.0,0.0,
790,7,9,0,75.0,95.0,5.0,10.0,10.0,10.0,2.7,0.0,0.0,
791,7,9,1,75.0,95.0,15.0,10.0,10.0,10.0,2.7,0.0,0.0,
792,7,9,2,75.0,95.0,25.0,10.0,10.0,10.0,2.7,0.0,0.0,
793,7,9,3,75.0,95.0,35.0,10.0,10.0,10.0,2.7,0.0,0.0,
794,7,9,4,75.0,95.0,45.0,10.0,10.0,10.0,2.7,0.0,0.0,
795,7,9,5,75.0,95.0,55.0,10.0,10.0,10.0,2.7,0.0,0.0,
796,7,9,6,75.0,95.0,65.0,10.0,10.0,10.0,2.7,0.0,0.0,
797,7,9,7,75.0,95.0,75.0,10.0,10.0,10.0,2.7,0.0,0.0,
798,7,9,8,75.0,95.0,85.0,10.0,10.0,10.0,2.7,0.0,0.0,
799,7,9,9,75.0,95.0,95.0,10.0,10.0,10.0,2.7,0.0,0.0,
800,8,0,0,85.0,5.0,5.0,10.0,10.0,10.0,2.7,0.0,0.0,
801,8,0,1,85.0,5.0,15.0,10.0,10.0,10.0,2.7,0.0,0.0,
802,8,0,2,85.0,5.0,25.0,10.0,10.0,10.0,2.7,0.0,0.0,
803,8,0,3,85.0,5.0,35.0,10.0,10.0,10.0,2.7,0.0,0.0,
804,8,0,4,85.0,5.0,45.0,10.0,10.0,10.0,2.7,0.0,0.0,
805,8,0,5,85.0,5.0,55.0,10.0,10.0,10.0,2.7,0.0,0.0,
806,8,0,6,85.0,5.0,65.0,10.0,10.0,10.0,2.7,0.0,0.0,
807,8,0,7,85.0,5.0,75.0,10.0,10.0,10.0,2.7,0.0,0.0,
808,8,0,8,85.0,5.0,85.0,10.0,10.0,10.0,2.7,0.0,0.0,
809,8,0,9,85.0,5.0,95.0,10.0,10.0,10.0,2.7,0.0,0.0,
810,8,1,0,85.0,15.0,5.0,10.0,10.0,10.0,2.7,0.0,0.0,
811,8,1,1,85.0,15.0,15.0,10.0,10.0,10.0,2.7,0.0,0.0,
812,8,1,2,85.0,15.0,25.0,10.0,10.0,10.0,2.7,0.0,0.0,
813,8,1,3,85.0,15.0,35.0,10.0,10.0,10.0,2.7,0.0,0.0,
814,8,1,4,85.0,15.0,45.0,10.0,10.0,10.0,2.7,0.0,0.0,
815,8,1,5,85.0,15.0,55.0,10.0,10.0,10.0,2.7,0.0,0.0,
816,8,1,6,85.0,15.0,65.0,10.0,10.0,10.0,2.7,0.0,0.0,
817,8,1,7,85.0,15.0,75.0,10.0,10.0,10.0,2.7,0.0,0.0,
818,8,1,8,85.0,15.0,85.0,10.0,10.0,10.0,2.7,0.0,0.0,
819,8,1,9,85.0,15.0,95.0,10.0,10.0,10.0,2.7,0.0,0.0,
820,8,2,0,85.0,25.0,5.0,10.0,10.0,10.0,2.7,0.0,0.0,
821,8,2,1,85.0,25.0,15.0,10.0,10.0,10.0,2.7,0.0,0.0,
822,8,2,2,85.0,25.0,25.0,10.0,10.0,10.0,2.7,0.0,0.0,
823,8,2,3,85.0,25.0,35.0,10.0,10.0,10.0,2.7,0.0,0.0,
824,8,2,4,85.0,25.0,45.0,10.0,10.0,10.0,2.7,0.0,0.0,
825,8,2,5,85.0,25.0,55.0,10.0,10.0,10.0,2.7,0.0,0.0,
826,8,2,6,85.0,25.0,65.0,10.0,10.0,10.0,2.7,0.0,0.0,
827,8,2,7,85.0,25.0,75.0,10.0,10.0,10.0,2.7,0.0,0.0,
828,8,2,8,85.0,25.0,85.0,10.0,10.0,10.0,2.7,0.0,0.0,
829,8,2,9,85.0,25.0,95.0,10.0,10.0,10.0,2.7,0.0,0.0,
830,8,3,0,85.0,35.0,5.0,10.0,10.0,10.0,2.7,0.0,0.0,
831,8,3,1,85.0,35.0,15.0,10.0,10.0,10.0,2.7,0.0,0.0,
832,8,3,2,85.0,35.0,25.0,10.0,10.0,10.0,2.7,0.0,0.0,
833,8,3,3,85.0,35.0,35.0,10.0,10.0,10.0,2.7,0.0,0.0,
834,8,3,4,85.0,35.0,45.0,10.0,10.0,10.0,2.7,0.0,0.0,
835,8,3,5,85.0,35.0,55.0,10.0,10.0,10.0,2.7,0.0,0.0,
836,8,3,6,85.0,35.0,65.0,10.0,10.0,10.0,2.7,0.0,0.0,
837,8,3,7,85.0,35.0,75.0,10.0,10.0,10.0,2.7,0.0,0.0,
838,8,3,8,85.0,35.0,85.0,10.0,10.0,10.0,2.7,0.0,0.0,
839,8,3,9,85.0,35.0,95.0,10.0,10.0,10.0,2.7,0.0,0.0,
840,8,4,0,85.0,45.0,5.0,10.0,10.0,10.0,2.7,0.0,0.0,
841,8,4,1,85.0,45.0,15.0,10.0,10.0,10.0,2.7,0.0,0.0,
842,8,4,2,85.0,45.0,25.0,10.0,10.0,10.0,2.7,0.0,0.0,
843,8,4,3,85.0,45.0,35.0,10.0,10.0,10.0,2.7,0.0,0.0,
844,8,4,4,85.0,45.0,45.0,10.0,10.0,10.0,2.7,0.0,0.0,
845,8,4,5,85.0,45.0,55.0,10.0,10.0,10.0,2.7,0.0,0.0,
846,8,4,6,85.0,45.0,65.0,10.0,10.0,10.0,2.7,0.0,0.0,
847,8,4,7,85.0,45.0,75.0,10.0,10.0,10.0,2.7,0.0,0.0,
848,8,4,8,85.0,45.0,85.0,10.0,10.0,10.0,2.7,0.0,0.0,
849,8,4,9,85.0,45.0,95.0,10.0,10.0,10.0,2.7,0.0,0.0,
850,8,5,0,85.0,55.0,5.0,10.0,10.0,10.0,2.7,0.0,0.0,
851,8,5,1,85.0,55.0,15.0,10.0,10.0,10.0,2.7,0.0,0.0,
852,8,5,2,85.0,55.0,25.0,10.0,10.0,10.0,2.7,0.0,0.0,
853,8,5,3,85.0,55.0,35.0,10.0,10.0,10.0,2.7,0.0,0.0,
854,8,5,4,85.0,55.0,45.0,10.0,10.0,10.0,2.7,0.0,0.0,
855,8,5,5,85.0,55.0,55.0,10.0,10.0,10.0,2.7,0.0,0.0,
856,8,5,6,85.0,55.0,65.0,10.0,10.0,10.0,2.7,0.0,0.0,
857,8,5,7,85.0,55.0,75.0,10.0,10.0,10.0,2.7,0.0,0.0,
858,8,5,8,85.0,55.0,85.0,10.0,10.0,10.0,2.7,0.0,0.0,
859,8,5,9,85.0,55.0,95.0,10.0,10.0,10.0,2.7,0.0,0.0,
860,8,6,0,85.0,65.0,5.0,10.0,10.0,10.0,2.7,0.0,0.0,
861,8,6,1,85.0,65.0,15.0,10.0,10.0,10.0,2.7,0.0,0.0,
862,8,6,2,85.0,65.0,25.0,10.0,10.0,10.0,2.7,0.0,0.0,
863,8,6,3,85.0,65.0,35.0,10.0,10.0,10.0,2.7,0.0,0.0,
864,8,6,4,85.0,65.0,45.0,10.0,10.0,10.0,2.7,0.0,0.0,
865,8,6,5,85.0,65.0,55.0,10.0,10.0,10.0,2.7,0.0,0.0,
866,8,6,6,85.0,65.0,65.0,10.0,10.0,10.0,2.7,0.0,0.0,
867,8,6,7,85.0,65.0,75.0,10.0,10.0,10.0,2.7,0.0,0.0,
868,8,6,8,85.0,65.0,85.0,10.0,10.0,10.0,2.7,0.0,0.0,
869,8,6,9,85.0,65.0,95.0,10.0,10.0,10.0,2.7,0.0,0.0,
870,8,7,0,85.0,75.0,5.0,10.0,10.0,10.0,2.7,0.0,0.0,
871,8,7,1,85.0,75.0,15.0,10.0,10.0,10.0,2.7,0.0,0.0,
872,8,7,2,85.0,75.0,25.0,10.0,10.0,10.0,2.7,0.0,0.0,
873,8,7,3,85.0,75.0,35.0,10.0,10.0,10.0,2.7,0.0,0.0,
874,8,7,4,85.0,75.0,45.0,10.0,10.0,10.0,2.7,0.0,0.0,
875,8,7,5,85.0,75.0,55.0,10.0,10.0,10.0,2.7,0.0,0.0,
876,8,7,6,85.0,75.0,65.0,10.0,10.0,10.0,2.7,0.0,0.0,
877,8,7,7,85.0,75.0,75.0,10.0,10.0,10.0,2.7,0.0,0.0,
878,8,7,8,85.0,75.0,85.0,10.0,10.0,10.0,2.7,0.0,0.0,
879,8,7,9,85.0,75.0,95.0,10.0,10.0,10.0,2.7,0.0,0.0,
880,8,8,0,85.0,85.0,5.0,10.0,10.0,10.0,2.7,0.0,0.0,
881,8,8,1,85.0,85.0,15.0,10.0,10.0,10.0,2.7,0.0,0.0,
882,8,8,2,85.0,85.0,25.0,10.0,10.0,10.0,2.7,0.0,0.0,
883,8,8,3,85.0,85.0,35.0,10.0,10.0,10.0,2.7,0.0,0.0,
884,8,8,4,85.0,85.0,45.0,10.0,10.0,10.0,2.7,0.0,0.0,
885,8,8,5,85.0,85.0,55.0,10.0,10.0,10.0,2.7,0.0,0.0,
886,8,8,6,85.0,85.0,65.0,10.0,10.0,10.0,2.7,0.0,0.0,
887,8,8,7,85.0,85.0,75.0,10.0,10.0,10.0,2.7,0.0,0.0,
888,8,8,8,85.0,85.0,85.0,10.0,10.0,10.0,2.7,0.0,0.0,
889,8,8,9,85.0,85.0,95.0,10.0,10.0,10.0,2.7,0.0,0.0,
890,8,9,0,85.0,95.0,5.0,10.0,10.0,10.0,2.7,0.0,0.0,
891,8,9,1,85.0,95.0,15.0,10.0,10.0,10.0,2.7,0.0,0.0,
892,8,9,2,85.0,95.0,25.0,10.0,10.0,10.0,2.7,0.0,0.0,
893,8,9,3,85.0,95.0,35.0,10.0,10.0,10.0,2.7,0.0,0.0,
894,8,9,4,85.0,95.0,45.0,10.0,10.0,10.0,2.7,0.0,0.0,
895,8,9,5,85.0,95.0,55.0,10.0,10.0,10.0,2.7,0.0,0.0,
896,8,9,6,85.0,95.0,65.0,10.0,10.0,10.0,2.7,0.0,0.0,
897,8,9,7,85.0,95.0,75.0,10.0,10.0,10.0,2.7,0.0,0.0,
898,8,9,8,85.0,95.0,85.0,10.0,10.0,10.0,2.7,0.0,0.0,
899,8,9,9,85.0,95.0,95.0,10.0,10.0,10.0,2.7,0.0,0.0,
900,9,0,0,95.0,5.0,5.0,10.0,10.0,10.0,2.7,0.0,0.0,
901,9,0,1,95.0,5.0,15.0,10.0,10.0,10.0,2.7,0.0,0.0,
902,9,0,2,95.0,5.0,25.0,10.0,10.0,10.0,2.7,0.0,0.0,
903,9,0,3,95.0,5.0,35.0,10.0,10.0,10.0,2.7,0.0,0.0,
904,9,0,4,95.0,5.0,45.0,10.0,10.0,10.0,2.7,0.0,0.0,
905,9,0,5,95.0,5.0,55.0,10.0,10.0,10.0,2.7,0.0,0.0,
906,9,0,6,95.0,5.0,65.0,10.0,10.0,10.0,2.7,0.0,0.0,
907,9,0,7,95.0,5.0,75.0,10.0,10.0,10.0,2.7,0.0,0.0,
908,9,0,8,95.0,5.0,85.0,10.0,10.0,10.0,2.7,0.0,0.0,
909,9,0,9,95.0,5.0,95.0,10.0,10.0,10.0,2.7,0.0,0.0,
910,9,1,0,95.0,15.0,5.0,10.0,10.0,10.0,2.7,0.0,0.0,
911,9,1,1,95.0,15.0,15.0,10.0,10.0,10.0,2.7,0.0,0.0,
912,9,1,2,95.0,15.0,25.0,10.0,10.0,10.0,2.7,0.0,0.0,
913,9,1,3,95.0,15.0,35.0,10.0,10.0,10.0,2.7,0.0,0.0,
914,9,1,4,95.0,15.0,45.0,10.0,10.0,10.0,2.7,0.0,0.0,
915,9,1,5,95.0,15.0,55.0,10.0,10.0,10.0,2.7,0.0,0.0,
916,9,1,6,95.0,15.0,65.0,10.0,10.0,10.0,2.7,0.0,0.0,
917,9,1,7,95.0,15.0,75.0,10.0,10.0,10.0,2.7,0.0,0.0,
918,9,1,8,95.0,15.0,85.0,10.0,10.0,10.0,2.7,0.0,0.0,
919,9,1,9,95.0,15.0,95.0,10.0,10.0,10.0,2.7,0.0,0.0,
920,9,2,0,95.0,25.0,5.0,10.0,10.0,10.0,2.7,0.0,0.0,
921,9,2,1,95.0,25.0,15.0,10.0,10.0,10.0,2.7,0.0,0.0,
922,9,2,2,95.0,25.0,25.0,10.0,10.0,10.0,2.7,0.0,0.0,
923,9,2,3,95.0,25.0,35.0,10.0,10.0,10.0,2.7,0.0,0.0,
924,9,2,4,95.0,25.0,45.0,10.0,10.0,10.0,2.7,0.0,0.0,
925,9,2,5,95.0,25.0,55.0,10.0,10.0,10.0,2.7,0.0,0.0,
926,9,2,6,95.0,25.0,65.0,10.0,10.0,10.0,2.7,0.0,0.0,
927,9,2,7,95.0,25.0,75.0,10.0,10.0,10.0,2.7,0.0,0.0,
928,9,2,8,95.0,25.0,85.0,10.0,10.0,10.0,2.7,0.0,0.0,
929,9,2,9,95.0,25.0,95.0,10.0,10.0,10.0,2.7,0.0,0.0,
930,9,3,0,95.0,35.0,5.0,10.0,10.0,10.0,2.7,0.0,0.0,
931,9,3,1,95.0,35.0,15.0,10.0,10.0,10.0,2.7,0.0,0.0,
932,9,3,2,95.0,35.0,25.0,10.0,10.0,10.0,2.7,0.0,0.0,
933,9,3,3,95.0,35.0,35.0,10.0,10.0,10.0,2.7,0.0,0.0,
934,9,3,4,95.0,35.0,45.0,10.0,10.0,10.0,2.7,0.0,0.0,
935,9,3,5,95.0,35.0,55.0,10.0,10.0,10.0,2.7,0.0,0.0,
936,9,3,6,95.0,35.0,65.0,10.0,10.0,10.0,2.7,0.0,0.0,
937,9,3,7,95.0,35.0,75.0,10.0,10.0,10.0,2.7,0.0,0.0,
938,9,3,8,95.0,35.0,85.0,10.0,10.0,10.0,2.7,0.0,0.0,
939,9,3,9,95.0,35.0,95.0,10.0,10.0,10.0,2.7,0.0,0.0,
940,9,4,0,95.0,45.0,5.0,10.0,10.0,10.0,2.7,0.0,0.0,
941,9,4,1,95.0,45.0,15.0,10.0,10.0,10.0,2.7,0.0,0.0,
942,9,4,2,95.0,45.0,25.0,10.0,10.0,10.0,2.7,0.0,0.0,
943,9,4,3,95.0,45.0,35.0,10.0,10.0,10.0,2.7,0.0,0.0,
944,9,4,4,95.0,45.0,45.0,10.0,10.0,10.0,2.7,0.0,0.0,
945,9,4,5,95.0,45.0,55.0,10.0,10.0,10.0,2.7,0.0,0.0,
946,9,4,6,95.0,45.0,65.0,10.0,10.0,10.0,2.7,0.0,0.0,
947,9,4,7,95.0,45.0,75.0,10.0,10.0,10.0,2.7,0.0,0.0,
948,9,4,8,95.0,45.0,85.0,10.0,10.0,10.0,2.7,0.0,0.0,
949,9,4,9,95.0,45.0,95.0,10.0,10.0,10.0,2.7,0.0,0.0,
950,9,5,0,95.0,55.0,5.0,10.0,10.0,10.0,2.7,0.0,0.0,
951,9,5,1,95.0,55.0,15.0,10.0,10.0,10.0,2.7,0.0,0.0,
952,9,5,2,95.0,55.0,25.0,10.0,10.0,10.0,2.7,0.0,0.0,
953,9,5,3,95.0,55.0,35.0,10.0,10.0,10.0,2.7,0.0,0.0,
954,9,5,4,95.0,55.0,45.0,10.0,10.0,10.0,2.7,0.0,0.0,
955,9,5,5,95.0,55.0,55.0,10.0,10.0,10.0,2.7,0.0,0.0,
956,9,5,6,95.0,55.0,65.0,10.0,10.0,10.0,2.7,0.0,0.0,
957,9,5,7,95.0,55.0,75.0,10.0,10.0,10.0,2.7,0.0,0.0,
958,9,5,8,95.0,55.0,85.0,10.0,10.0,10.0,2.7,0.0,0.0,
959,9,5,9,95.0,55.0,95.0,10.0,10.0,10.0,2.7,0.0,0.0,
960,9,6,0,95.0,65.0,5.0,10.0,10.0,10.0,2.7,0.0,0.0,
961,9,6,1,95.0,65.0,15.0,10.0,10.0,10.0,2.7,0.0,0.0,
962,9,6,2,95.0,65.0,25.0,10.0,10.0,10.0,2.7,0.0,0.0,
963,9,6,3,95.0,65.0,35.0,10.0,10.0,10.0,2.7,0.0,0.0,
964,9,6,4,95.0,65.0,45.0,10.0,10.0,10.0,2.7,0.0,0.0,
965,9,6,5,95.0,65.0,55.0,10.0,10.0,10.0,2.7,0.0,0.0,
966,9,6,6,95.0,65.0,65.0,10.0,10.0,10.0,2.7,0.0,0.0,
967,9,6,7,95.0,65.0,75.0,10.0,10.0,10.0,2.7,0.0,0.0,
968,9,6,8,95.0,65.0,85.0,10.0,10.0,10.0,2.7,0.0,0.0,
969,9,6,9,95.0,65.0,95.0,10.0,10.0,10.0,2.7,0.0,0.0,
970,9,7,0,95.0,75.0,5.0,10.0,10.0,10.0,2.7,0.0,0.0,
971,9,7,1,95.0,75.0,15.0,10.0,10.0,10.0,2.7,0.0,0.0,
972,9,7,2,95.0,75.0,25.0,10.0,10.0,10.0,2.7,0.0,0.0,
973,9,7,3,95.0,75.0,35.0,10.0,10.0,10.0,2.7,0.0,0.0,
974,9,7,4,95.0,75.0,45.0,10.0,10.0,10.0,2.7,0.0,0.0,
975,9,7,5,95.0,75.0,55.0,10.0,10.0,10.0,2.7,0.0,0.0,
976,9,7,6,95.0,75.0,65.0,10.0,10.0,10.0,2.7,0.0,0.0,
977,9,7,7,95.0,75.0,75.0,10.0,10.0,10.0,2.7,0.0,0.0,
978,9,7,8,95.0,75.0,85.0,10.0,10.0,10.0,2.7,0.0,0.0,
979,9,7,9,95.0,75.0,95.0,10.0,10.0,10.0,2.7,0.0,0.0,
980,9,8,0,95.0,85.0,5.0,10.0,10.0,10.0,2.7,0.0,0.0,
981,9,8,1,95.0,85.0,15.0,10.0,10.0,10.0,2.7,0.0,0.0,
982,9,8,2,95.0,85.0,25.0,10.0,10.0,10.0,2.7,0.0,0.0,
983,9,8,3,95.0,85.0,35.0,10.0,10.0,10.0,2.7,0.0,0.0,
984,9,8,4,95.0,85.0,45.0,10.0,10.0,10.0,2.7,0.0,0.0,
985,9,8,5,95.0,85.0,55.0,10.0,10.0,10.0,2.7,0.0,0.0,
986,9,8,6,95.0,85.0,65.0,10.0,10.0,10.0,2.7,0.0,0.0,
987,9,8,7,95.0,85.0,75.0,10.0,10.0,10.0,2.7,0.0,0.0,
988,9,8,8,95.0,85.0,85.0,10.0,10.0,10.0,2.7,0.0,0.0,
989,9,8,9,95.0,85.0,95.0,10.0,10.0,10.0,2.7,0.0,0.0,
990,9,9,0,95.0,95.0,5.0,10.0,10.0,10.0,2.7,0.0,0.0,
991,9,9,1,95.0,95.0,15.0,10.0,10.0,10.0,2.7,0.0,0.0,
992,9,9,2,95.0,95.0,25.0,10.0,10.0,10.0,2.7,0.0,0.0,
993,9,9,3,95.0,95.0,35.0,10.0,10.0,10.0,2.7,0.0,0.0,
994,9,9,4,95.0,95.0,45.0,10.0,10.0,10.0,2.7,0.0,0.0,
995,9,9,5,95.0,95.0,55.0,10.0,10.0,10.0,2.7,0.0,0.0,
996,9,9,6,95.0,95.0,65.0,10.0,10.0,10.0,2.7,0.0,0.0,
997,9,9,7,95.0,95.0,75.0,10.0,10.0,10.0,2.7,0.0,0.0,
998,9,9,8,95.0,95.0,85.0,10.0,10.0,10.0,2.7,0.0,0.0,
999,9,9,9,95.0,95.0,95.0,10.0,10.0,10.0,2.7,0.0,0.0,
